,Children,Elderly,NonWhite,Poverty,Education,English,Elevation,SeaLevelRise,Precipitation,Diabetes,MentalHealth,Asthma,Disability,HousingQuality,Homeless,LivAlone,K_means_labels,GEOID
0,0.072957122,8.03785e-10,0.599175,0.356678376,0.996079927,0.150558628,-6.0,0.182261,0.035771,22.0584,36.52,15.1339,0.133608319,14.1093,17.5025,0.480591116,0,60759809001
1,0.079893002,0.124000003,0.651,0.50970601,0.724000036,0.232000002,7.83292,0.0,0.0205164,16.0115,62.0535,10.5741,0.238000005,10.2406,15.8921,0.522000022,0,60750201001
2,0.027149001,0.103000001,0.697,0.378595003,0.862000015,0.171000001,-1.99906,0.106609,0.00532113,1.4068,98.5924,0.8008,0.187000001,39.5622,4.9374,0.635000007,0,60750117001
3,0.084215,0.088,0.584,0.327362,0.843,0.119,-5.96629,0.0645794,0.0241664,14.9856,54.0699,9.5802,0.229,7.04366,19.2683,0.427,0,60750178021
4,0.09533151,0.221999068,0.726001,0.79475029,0.69499739,0.202999258,7.13278,0.0,0.00410501,15.5,63.7499,12.9672,0.424997971,13.7255,14.6184,0.73199689,0,60750125012
5,0.109834,0.141,0.733,0.550862,0.806,0.117,10.6969,0.0,0.00862461,16.0094,62.0594,10.5831,0.227,170.94,19.2683,0.609,0,60750176011
6,0.079893,0.124,0.651,0.509706,0.724,0.232,5.81684,0.0,0.028468,15.9985,61.8836,10.5438,0.238,9.68738,3.2195,0.522,0,60750201003
7,0.057516658,0.19751667,0.557799,0.327556339,0.87850698,0.18474196,-7.52577,0.228203,0.00314665,5.1173,22.3352,4.0437,0.12971244,4.54545,4.8488,0.51688442,0,60750101001
8,0.255127661,0.100990574,0.943005,0.427604838,0.709933071,0.091991233,-6.0,0.102409,0.0151036,23.1903,38.5638,16.1088,0.107989804,6.2182,17.613,0.265974876,0,60750232002
9,0.079893085,0.124000121,0.650999,0.509706339,0.724000928,0.232000082,13.9179,0.0,0.0137591,16.0125,62.05,10.5693,0.238000184,11.5778,3.2195,0.522000531,0,60750201002
10,0.11706,0.096,0.781,0.755098,0.683,0.288,46.1449,0.0,0.00636154,12.9919,52.7672,9.9502,0.223,13.036,19.2683,0.551,0,60750124012
11,0.018917,0.554,0.741,0.577931,0.64,0.535,-4.2587,0.0691119,0.00908376,9.9,14.55,4.6817,0.452,0.462321,19.2683,0.678,0,60750178012
12,0.207265009,0.105,0.917,0.503776043,0.636000119,0.220000018,0.851755,0.000183621,0.00701462,23.2,38.58,16.1156,0.090000016,8.45712,17.613,0.264000057,0,60750612001
13,0.04230103,0.050000196,0.602,0.299615246,0.864000461,0.04800021,-5.3631,0.348208,0.0347239,9.9,14.5501,4.6817,0.134000159,3.03306,19.2683,0.571000317,0,60750180001
14,0.043981,0.25,0.868,0.725127,0.57,0.419,35.2041,0.0,0.00600325,15.4995,63.7475,12.9667,0.327,6.70196,19.2683,0.673,0,60750125021
15,0.109834,0.141,0.733,0.550862,0.806,0.117,10.0642,0.0,0.00402495,16.0068,62.0689,10.5959,0.227,6.98324,19.2683,0.609,0,60750176015
16,0.084039012,0.09700002,0.565,0.326481075,0.783000158,0.085000024,3.85416,0.0,0.155139,15.6917,58.2542,9.9887,0.158000035,18.6841,10.2643,0.451000115,0,60750177002
17,0.11706,0.096,0.781,0.755098,0.683,0.288,55.3915,0.0,0.00724379,12.9732,52.6854,9.9277,0.223,8.62999,19.2683,0.551,0,60750124011
18,0.300350376,0.115999764,0.964,0.629357302,0.694998904,0.155999604,-0.903518,0.0177518,0.0102606,23.2,38.58,16.1156,0.14899963,8.51257,17.613,0.168999886,0,60750234001
19,0.084039089,0.097000051,0.565,0.326481246,0.783000706,0.085000052,2.04311,0.0,0.0361009,15.677,58.0795,9.961,0.158000076,9.86611,13.468,0.45100034,0,60750177001
20,0.042301035,0.049999984,0.602,0.299614576,0.863999109,0.048000094,-5.63326,0.0825639,0.0500197,15.9986,61.9417,10.5559,0.133999778,2.26347,19.2683,0.570999012,0,60750180002
21,0.158266108,0.179000039,0.946,0.496577361,0.619000855,0.235000154,5.01168,0.0,0.0310967,23.1528,38.4944,16.0818,0.107000111,4.86381,17.5492,0.167000361,0,60750230011
22,0.121086637,0.26999919,0.747001,0.631202106,0.815997552,0.330999007,60.1828,0.0,0.0207141,15.4969,63.7362,12.9636,0.232999301,3.72671,3.7988,0.518998443,0,60750161001
23,0.300343903,0.11599726,0.964001,0.629343956,0.694983701,0.155996313,-5.60678,0.0802676,0.010397,23.1982,38.577,16.1143,0.148996456,5.39127,17.613,0.168996027,0,60750234002
24,0.135919359,0.28800288,0.958,0.800365004,0.36300363,0.71500715,21.2992,0.0,0.00953898,6.4,20.214,5.0322,0.16100161,5.37634,4.9374,0.44300443,0,60750611003
25,0.079892839,0.123999713,0.651,0.509704649,0.723998656,0.231999301,13.3651,0.0,0.00203913,14.5435,44.6513,7.9031,0.237999333,10.6317,3.2195,0.521998794,0,60750201004
26,0.088483,0.102,0.695,0.42737,0.716,0.19,13.4626,0.0,0.0420492,13.9,37.03,6.7351,0.111,4.68823,3.2195,0.402,0,60750208001
27,0.121087,0.27,0.747,0.631204,0.816,0.331,76.5,0.0,0.0701956,12.109,23.2106,5.4658,0.233,3.38696,3.7988,0.519,0,60750161003
28,0.109834004,0.141000009,0.733,0.550862032,0.806000028,0.117000008,13.3595,0.0,0.000784223,16.0081,62.0643,10.5897,0.227000017,10.0975,19.2683,0.609000029,0,60750176013
29,0.121087,0.27,0.747,0.631204,0.816,0.331,73.0,0.0,0.0285327,11.0276,35.0448,7.5797,0.233,2.13129,3.7988,0.519,0,60750161002
30,0.058531017,0.201000034,0.55,0.333333054,0.894000142,0.188000016,-4.97354,0.0902349,0.0029272,5.787,21.339,4.5737,0.132000013,2.75755,4.9374,0.52600006,0,60750101002
31,0.070143473,0.119999075,0.591003,0.447459567,0.94899287,0.144998858,40.4319,0.0,0.00296698,15.5,63.75,12.9672,0.208998376,8.43486,19.2682,0.690994771,0,60750124022
32,0.11613137,0.140675847,0.932087,0.450007536,0.715021428,0.034926448,-42.0,0.351565,0.000888618,23.018,38.2773,15.9891,0.092166952,1.39179,17.3221,0.266799029,0,60759806001
33,0.207265099,0.105000008,0.917,0.503776419,0.63600113,0.22000017,7.47451,0.0,0.0063782,23.2,38.58,16.1156,0.090000153,9.48185,17.613,0.264000539,0,60750612002
34,0.185283,0.165,0.91,0.178459,0.823,0.167,51.4698,0.0,0.00584931,11.2506,16.9016,7.5385,0.101,8.88611,17.613,0.216,0,60750264022
35,0.04398078,0.24999875,0.868001,0.725123374,0.56999715,0.418997905,32.5967,0.0,0.00193155,15.5,63.75,12.9674,0.326998365,2.1164,19.2683,0.672996635,0,60750125022
36,0.088482823,0.101999796,0.695001,0.427369145,0.715998568,0.18999962,28.7876,0.0,0.00723333,13.9,37.03,6.7351,0.110999778,9.47258,3.2195,0.401999196,0,60750208003
37,0.018917,0.554,0.741,0.577931,0.64,0.535,-0.392771,0.0,1.2271e-05,15.9297,61.6605,10.5043,0.452,3.84442,19.2683,0.678,0,60750178011
38,0.088841004,0.063000005,0.621,0.223175027,0.959000079,0.138000004,-1.99789,0.0933219,0.0628603,13.1735,40.1618,7.8483,0.049000012,9.80391,17.613,0.369000052,0,60750607002
39,0.109834104,0.141000177,0.732999,0.550862661,0.806001402,0.117000214,24.4763,0.0,0.00115384,16.0085,62.0633,10.5882,0.227000309,2.96861,19.2683,0.609001021,0,60750176014
40,0.059776911,0.330999431,0.692001,0.738546093,0.690999675,0.330999548,30.7125,0.0,0.0,15.5,63.75,12.9674,0.362999424,9.34374,11.9301,0.663999446,0,60750123011
41,0.121086975,0.269999332,0.747,0.631202639,0.81599973,0.330998953,90.2893,0.0,0.0426114,12.109,23.2084,5.4654,0.232999458,1.65563,3.7988,0.518998864,2,60750161004
42,0.088483,0.102,0.695,0.42737,0.716,0.19,15.3961,0.0,0.00580859,13.9,37.03,6.7351,0.111,4.76425,3.2195,0.402,0,60750208002
43,0.10983389,0.140999859,0.733,0.550861449,0.805999194,0.116999883,9.34156,0.0,0.0,16.0078,62.0657,10.5915,0.226999773,7.33496,19.2683,0.608999391,0,60750176012
44,0.068510927,0.336999197,0.519,0.389861105,0.858998661,0.223999417,99.0,0.0,0.0663649,12.1,23.1,5.4453,0.272999288,2.21729,3.7988,0.530999001,2,60750155002
45,0.068511235,0.337000286,0.518999,0.389862441,0.859002015,0.224000115,127.819,0.0,0.0103421,12.1,23.1,5.4453,0.273000149,5.49726,3.216,0.531000795,2,60750155003
46,0.133694337,0.1700017,0.663997,0.454451544,0.81600816,0.09600096,33.853,0.0,0.00722504,13.8747,36.8883,6.7222,0.15100151,7.8696,17.613,0.20800208,0,60750228021
47,0.086156565,0.266869689,0.40816,0.17155782,0.944383881,0.045298914,-5.6175,0.503456,0.00432662,0.0,29.377,0.0,0.073856925,0.743216,4.8628,0.54161745,0,60750105002
48,0.094332847,0.242999529,0.798,0.559215729,0.539999453,0.608998295,34.0034,0.0,0.00129861,6.4,20.43,5.0582,0.186999536,15.4142,4.9374,0.407999229,0,60750107001
49,0.094333,0.243,0.798,0.559217,0.54,0.609,32.079,0.0,0.00115145,6.4,20.43,5.0582,0.187,19.2351,4.9374,0.408,0,60750107003
50,0.098201105,0.228000012,0.609,0.412794334,0.925000144,0.195000107,94.178,0.0,0.0481529,12.1,23.1,5.4453,0.140000135,1.36674,3.7988,0.506999934,2,60750159002
51,0.027006,0.083,0.594,0.508488,0.942,0.187,58.844,0.0,0.000604806,15.4514,63.4915,12.9138,0.134,8.94188,8.5435,0.69,0,60750123022
52,0.056162904,0.123999881,0.696,0.46153766,0.816999892,0.111999953,94.2689,0.0,0.00320096,7.9,30.47,3.8247,0.218999235,16.9711,19.2682,0.593999851,2,60750122011
53,0.157428011,0.179373306,0.959812,0.509226113,0.662603032,0.33816279,5.71889,0.0,0.0121491,11.0508,16.586,7.4023,0.092137108,2.36407,17.613,0.195056218,0,60750264031
54,0.187704055,0.107000021,0.925,0.265337108,0.706000135,0.310000026,6.85869,0.0,0.0205596,23.1784,38.5407,16.1001,0.071000026,3.35345,17.613,0.127000039,0,60750233001
55,0.158266239,0.179000167,0.946,0.496577401,0.619000835,0.235000194,40.2072,0.0,0.00854089,23.1964,38.5735,16.113,0.107000083,1.41243,17.613,0.167000148,0,60750230013
56,0.145159947,0.176667725,0.576196,0.253169125,0.897232263,0.080393734,-5.2389,0.0969352,0.00457584,4.3,12.6683,2.7114,0.115131392,6.01374,4.5809,0.315619518,0,60750479012
57,0.027150003,0.103000547,0.696999,0.378597086,0.862001006,0.170999606,2.20918,0.0,0.000200808,6.1773,58.0441,4.1035,0.187000522,36.6636,4.9376,0.635000504,0,60750117002
58,0.103426719,0.149885299,0.572953,0.309375813,0.753613237,0.112204637,-7.0,0.150102,0.00163051,7.9937,13.7991,3.9467,0.155746731,2.12684,0.2602,0.478125716,0,60750604001
59,0.160611312,0.183000183,0.959,0.519522215,0.676001187,0.345000209,19.16,0.0,0.00892812,11.2,16.81,7.5022,0.09400012,2.50627,17.613,0.199000281,0,60750264032
60,0.255152048,0.101000034,0.943,0.427645061,0.710000217,0.092000035,0.165285,0.0,0.00606483,23.2,38.58,16.1156,0.108000019,6.88428,17.613,0.266000044,0,60750232001
61,0.216905151,0.150000086,0.906,0.424902214,0.593000569,0.18700025,39.0465,0.0,0.0456571,11.2378,16.8785,7.5294,0.066000057,5.1716,6.1946,0.087000102,0,60750257021
62,0.095332,0.222,0.726,0.794754,0.695,0.203,28.3296,0.0,0.0,15.5,63.7497,12.9672,0.425,2.09974,19.2683,0.732,0,60750125011
63,0.084215,0.088,0.584,0.327362,0.843,0.119,7.91903,0.0,0.000990721,16.0125,62.05,10.5693,0.229,12.3267,19.2683,0.427,0,60750178022
64,0.174382105,0.165000074,0.96,0.435034323,0.650000333,0.314000125,46.0526,0.0,0.00841007,11.2,16.81,7.5022,0.109000078,1.91402,17.613,0.167000117,0,60750264011
65,0.088483,0.102,0.695,0.42737,0.716,0.19,35.7277,0.0,0.00184849,13.9,37.03,6.7351,0.111,5.20569,3.2195,0.402,0,60750208004
66,0.059776354,0.330996192,0.692003,0.7385408,0.690995431,0.330997615,60.0299,0.0,0.0,15.4673,63.6068,12.9281,0.362996311,2.64971,19.2683,0.663995488,0,60750123012
67,0.03857908,0.078999838,0.422001,0.252452814,0.90299874,0.03999992,39.8524,0.0,0.00641991,15.5075,63.7252,12.9325,0.124999678,5.81395,3.7988,0.556999354,0,60750168021
68,0.092821,0.057,0.49,0.171948,0.965,0.081,-2.84302,0.0,0.0,2.0667,20.2943,0.9773,0.081,3.71829,19.2683,0.474,0,60750615002
69,0.10039173,0.311999169,0.811001,0.567842445,0.49699897,0.486998592,82.2489,0.0,0.00192379,6.4,15.497,4.4665,0.229999366,10.2083,4.9374,0.391999079,0,60750113001
70,0.0936731,0.180000157,0.712999,0.579421193,0.756001053,0.335000092,11.3461,0.0,0.0,6.3905,20.4441,5.0507,0.139000085,14.038,4.9374,0.481000537,0,60750106002
71,0.068204095,0.090000208,0.675999,0.576811802,0.834001652,0.229000229,85.2266,0.0,0.00233038,7.9,30.47,3.8247,0.205000229,6.91293,17.743,0.540001184,0,60750122021
72,0.070144007,0.12000001,0.591,0.447463038,0.949000055,0.145000008,31.2717,0.0,0.0,15.5,63.7499,12.9672,0.209000015,6.80903,19.2683,0.691000042,0,60750124021
73,0.038009015,0.23000002,0.502,0.273903129,0.964000187,0.103000051,57.8595,0.0,0.00079063,12.2317,49.4384,9.0357,0.158000046,4.27866,3.7988,0.586000121,0,60750160001
74,0.08983914,0.142000279,0.434999,0.173963441,0.950001161,0.083000132,2.67431,0.0,0.0208879,6.4,20.43,5.0582,0.077000105,8.53414,4.9374,0.48500049,0,60750104001
75,0.081797042,0.070000088,0.412,0.322965228,0.977000346,0.036000107,48.0136,0.0,0.0627237,15.5,63.75,12.9674,0.09100009,10.7829,3.7988,0.642000233,0,60750162001
76,0.082187,0.117,0.485,0.328246,0.898,0.079,28.0016,0.0,0.00859612,16.0125,62.05,10.5693,0.178,5.35373,2.1589,0.514,0,60750202002
77,0.13591796,0.287999942,0.958,0.800356632,0.363000522,0.714999511,0.328464,0.0,0.000993458,1.1723,28.5067,0.9263,0.160999957,8.65801,4.9374,0.443000094,0,60750611001
78,0.1665058,0.126001332,0.792998,0.366493793,0.820008853,0.177001817,9.30935,0.0,0.0907231,13.8619,36.8079,6.7337,0.123001265,2.98198,3.2195,0.19600209,0,60750254032
79,0.254396744,0.098409634,0.887674,0.129086745,0.859841504,0.131212779,-6.0,0.116232,0.003804,20.9956,34.5823,14.5336,0.070576605,3.28484,17.5348,0.18389679,0,60750610001
80,0.215145056,0.14000005,0.892,0.426196054,0.703000248,0.18600005,54.9599,0.0,0.0106334,11.2362,16.8757,7.5282,0.11200003,4.25713,14.2216,0.212000065,0,60750258002
81,0.146915855,0.109999892,0.681,0.317454686,0.898999117,0.063999936,-6.29274,0.0,0.0154046,13.8884,36.9636,6.7292,0.097999903,5.76576,17.5685,0.270999733,0,60750229032
82,0.174381826,0.164999835,0.96,0.435033565,0.64999935,0.313999686,46.0846,0.0,0.003005,11.2,16.81,7.5022,0.108999891,2.84252,17.613,0.166999833,0,60750264012
83,0.093673,0.18,0.713,0.579421,0.756,0.335,55.8844,0.0,0.0,6.4,20.43,5.0582,0.139,13.6649,4.9374,0.481,0,60750106003
84,0.203622593,0.070999858,0.752001,0.422372155,0.705998588,0.202999594,26.8071,0.0,0.011389,13.9,37.03,6.7351,0.11499977,4.79754,3.2195,0.241999516,0,60750229012
85,0.02700627,0.08300083,0.593996,0.508493085,0.94200942,0.18700187,80.9116,0.0,0.0,11.7026,47.1215,8.3992,0.13400134,10.9138,12.1252,0.6900069,0,60750123021
86,0.154991929,0.126877973,0.673314,0.218689674,0.851181347,0.111892392,-5.0342,0.1198,0.0194161,4.8692,8.9413,2.7249,0.081921215,2.72387,1.8744,0.245763633,0,60750352012
87,0.146915425,0.109999571,0.681001,0.317453752,0.898996499,0.063999747,-1.36219,0.0,0.0109497,13.9,37.03,6.7351,0.097999617,6.96622,3.2195,0.270998938,0,60750229033
88,0.084950475,0.060241104,0.637597,0.21340172,0.917003472,0.131956704,-9.19874,0.392933,0.0217367,2.6926,4.0262,1.2786,0.046854192,0.363328,19.0468,0.352840752,0,60750607001
89,0.009804032,0.108999977,0.490001,0.371855624,0.897999023,0.121999815,74.4042,0.0,0.000223484,10.9785,36.3624,8.3343,0.108999823,10.2936,4.9374,0.598999513,0,60750121002
90,0.185496028,0.154000018,0.79,0.261538042,0.660000138,0.162000019,5.05103,0.0,0.0842673,11.214,16.8461,7.5104,0.082000013,1.2747,3.2195,0.18700003,0,60750257012
91,0.216905027,0.150000031,0.906,0.424902085,0.593000106,0.18700004,17.5707,0.0,0.00441322,11.2646,16.9272,7.5486,0.066000018,3.89963,6.6462,0.087000028,0,60750257022
92,0.452209426,0.034994234,0.926012,0.84001152,0.740878013,0.084986004,-6.0,0.266661,0.00125631,23.1977,38.5762,16.114,0.125979249,1.02171,17.613,0.290952088,0,60750231031
93,0.086091891,0.266669311,0.408605,0.1714292,0.943674898,0.045265076,-9.12355,0.215732,0.000270616,0.0005,29.9187,0.0004,0.073801522,2.31711,4.8573,0.541210861,0,60750105001
94,0.094333,0.243,0.798,0.559217,0.54,0.609,61.4258,0.0,0.0,6.4,20.43,5.0582,0.187,9.51391,4.9374,0.408,0,60750107004
95,0.093673,0.18,0.713,0.579421,0.756,0.335,83.3807,0.0,0.0,6.4,20.43,5.0582,0.139,15.3509,4.9374,0.481,0,60750106001
96,0.135918,0.288,0.958,0.800357,0.363,0.715,14.0666,0.0,0.0,6.3907,9.9926,3.7973,0.161,12.0092,4.9374,0.443,0,60750611002
97,0.056163667,0.1239993,0.696002,0.461540716,0.816996064,0.112002061,70.6417,0.0,0.0,7.9,30.47,3.8247,0.218999479,12.685,19.2683,0.593997867,0,60750122012
98,0.133026982,0.138966573,0.640087,0.246457738,0.796808285,0.162960771,-5.0,0.0942422,0.0139764,6.4259,10.77,2.5215,0.117971637,2.75027,1.8757,0.260937329,0,60750354001
99,0.133693135,0.17000013,0.663999,0.454447213,0.816001079,0.09600004,37.951,0.0,0.00346149,13.8871,36.958,6.7285,0.151000097,2.15471,14.0072,0.208000386,0,60750228022
100,0.139742,0.094,0.661,0.464475,0.804,0.181,35.3238,0.0,0.00251554,13.9,37.03,6.7351,0.12,6.46552,3.2195,0.288,0,60750209002
101,0.211150888,0.113213448,0.981456,0.424132711,0.679280688,0.207883314,29.5647,0.0,0.0136077,10.9437,16.4253,7.3306,0.094669866,1.56863,17.613,0.147372678,0,60750264042
102,0.094333,0.243,0.798,0.559217,0.54,0.609,81.3358,0.0,0.0,6.4,20.43,5.0582,0.187,17.1603,4.9374,0.408,0,60750107002
103,0.081796755,0.06999979,0.412002,0.322964031,0.976997069,0.035999892,53.8268,0.0,0.00975911,15.5,63.75,12.9674,0.090999727,8.61731,3.7988,0.641998074,0,60750162003
104,0.203623,0.071,0.752,0.422373,0.706,0.203,29.0997,0.0,0.00938619,13.9,37.03,6.7351,0.115,3.20233,3.2195,0.242,0,60750229013
105,0.213370194,0.114403175,0.981262,0.428590665,0.686419694,0.210067933,54.5295,0.0,0.0109524,11.2,16.81,7.5022,0.09566484,3.96826,17.613,0.148921519,0,60750264041
106,0.151459,0.068,0.704,0.342664,0.789,0.183,21.83,0.0,0.00825946,13.9,37.03,6.7351,0.09,5.12821,3.2195,0.238,0,60750228032
107,0.12705903,0.222000029,0.9,0.643529051,0.637000137,0.352000033,94.9613,0.0,0.00138564,11.0656,16.6967,7.367,0.200000018,0.855798,11.2762,0.307000032,2,60759805011
108,0.092276,0.094,0.675,0.25935,0.808,0.064,24.1614,0.0,0.00763633,13.9,37.03,6.7351,0.101,6.97674,3.2195,0.169,0,60750229022
109,0.070143855,0.119999569,0.591002,0.44746209,0.948996456,0.144999781,63.1238,0.0,0.0,11.7082,47.146,8.4059,0.208999347,4.64157,19.2682,0.690997514,0,60750124023
110,0.082187027,0.117000032,0.485,0.328246062,0.898000342,0.079000017,29.806,0.0,0.00143536,14.961,49.5961,8.6608,0.178000027,6.90845,2.1589,0.514000144,0,60750202003
111,0.082186813,0.116999753,0.485001,0.328245565,0.897997788,0.079000066,33.3276,0.0,0.00058145,15.9328,61.7193,10.5806,0.1779997,6.08167,3.9499,0.513998891,0,60750202001
112,0.185496099,0.154000081,0.79,0.261538209,0.660000488,0.162000112,24.6128,0.0,0.0155898,11.1151,16.8817,7.3889,0.082000071,2.13163,3.2195,0.187000118,0,60750257011
113,0.21514457,0.13999972,0.892,0.426195148,0.702998594,0.185999628,45.8064,0.0,0.00715435,11.2,16.81,7.5022,0.111999776,2.82486,3.2195,0.211999576,0,60750258001
114,0.081797009,0.070000018,0.412,0.322965058,0.977000208,0.036000009,44.1598,0.0,0.0450285,15.5,63.75,12.9674,0.091000029,2.58398,3.7988,0.642000128,0,60750162002
115,0.092750741,0.056956869,0.490386,0.171817895,0.964269627,0.080938707,-6.34025,0.159217,0.00156751,3.4437,30.822,2.2718,0.080938711,9.61098,19.2139,0.473641278,0,60750615001
116,0.216905085,0.150000098,0.906,0.424902104,0.593000483,0.187000091,67.1251,0.0,0.0266926,11.2,16.81,7.5022,0.066000061,0.237586,3.2195,0.087000165,0,60750257023
117,0.174380986,0.123999962,0.908,0.222735011,0.793999778,0.128000097,16.4502,0.0,0.0034909,23.2,38.58,16.1156,0.070999991,7.07483,17.613,0.160999958,0,60750230032
118,0.151458636,0.067999924,0.704,0.342663187,0.788998467,0.182999387,29.3621,0.0,0.0052607,13.9,37.03,6.7351,0.089999824,5.97371,3.2195,0.237999494,0,60750228033
119,0.143644685,0.164999587,0.793001,0.175232005,0.813997599,0.152999733,94.2554,0.0,0.0132547,11.2,16.81,7.5022,0.101999752,2.82768,3.2195,0.27799912,2,60750259001
120,0.143645,0.165,0.793,0.175232,0.814,0.153,79.9126,0.0,0.00651091,11.2,16.81,7.5022,0.102,4.62963,3.2195,0.278,0,60750259002
121,0.452256053,0.03499793,0.926005,0.840098285,0.740954631,0.084994756,-6.0,0.0362374,0.0026704,23.1997,38.5795,16.1154,0.125992267,2.1395,17.613,0.290982149,0,60750231032
122,0.098200266,0.227998383,0.609003,0.412791016,0.924993395,0.194998582,99.2734,0.0,0.000176121,9.9799,26.8223,4.6275,0.139999033,3.54251,3.7988,0.506996432,2,60750159001
123,0.143678,0.205,0.933,0.72931,0.547,0.643,28.3231,0.0,0.0,6.376,9.1248,3.6293,0.156,9.21558,4.9374,0.388,0,60750118001
124,0.139741818,0.093999962,0.660999,0.464473901,0.804000158,0.180999555,59.004,0.0,0.000293284,13.9,37.03,6.7351,0.119999833,11.9367,3.2195,0.288000261,0,60750209004
125,0.049595,0.103,0.538,0.272864,0.844,0.133,140.196,0.0,0.00632962,7.9,30.47,3.8247,0.059,8.8632,4.9374,0.432,2,60750110001
126,0.089839048,0.142000092,0.435,0.173963296,0.950000386,0.083000171,-0.671813,0.00110015,0.000293607,5.9398,21.1124,4.6945,0.077000071,10.4167,4.9374,0.485000245,0,60750104003
127,0.173549,0.171,0.892,0.277262,0.756,0.285,127.25,0.0,0.0413164,8.2,14.28,4.4834,0.106,3.64742,0.5207,0.212,2,60750261001
128,0.021070001,0.049000003,0.542,0.678177008,0.925000015,0.172000003,26.0138,0.0,0.0148146,8.0,13.81,3.9498,0.091000002,0.190422,0.2606,0.334000006,0,60750332011
129,0.139741721,0.093999812,0.661001,0.464474071,0.803998392,0.180999638,49.5745,0.0,0.0,13.9,37.03,6.7351,0.11999976,9.91854,3.2195,0.287999424,0,60750209001
130,0.255152019,0.101000013,0.943,0.427645024,0.710000085,0.092000014,28.884,0.0,0.000801244,23.2,38.58,16.1156,0.108000008,10.0942,17.613,0.266000017,0,60750232003
131,0.032,0.158,0.564,0.384762,0.893,0.094,109.138,0.0,0.0017554,6.4,8.63,3.6429,0.078,10.3905,4.9374,0.681,2,60750119021
132,0.060557,0.144,0.455,0.221957,0.881,0.149,145.4,0.0,0.00124836,7.9,30.47,3.8247,0.127,11.2534,4.811,0.563,2,60750111003
133,0.15865901,0.163000008,0.824,0.269631014,0.772000035,0.216000009,70.5451,0.0,0.0713831,8.6647,14.7205,4.9416,0.095000004,2.51099,1.158,0.19400001,0,60750256001
134,0.158265903,0.178999798,0.946,0.496576287,0.618999761,0.234999691,47.8371,0.0,0.0,23.2,38.58,16.1156,0.106999875,1.86666,17.613,0.166999869,0,60750230012
135,0.131897,0.113,0.48,0.217519,0.957,0.027,-9.22917,0.0,0.0263384,15.8421,37.3265,8.6989,0.086,4.45037,3.5196,0.225,0,60750251003
136,0.007243075,0.354000335,0.402999,0.153066568,0.92300157,0.062000218,130.129,0.0,0.000956471,7.9,30.47,3.8247,0.193000282,4.90712,1.9599,0.690000966,2,60750151002
137,0.118055959,0.110913681,0.195389,0.112619229,0.936928796,0.018485614,-7.31167,0.329432,0.036074,0.0,5.1518,0.0,0.098265631,4.94624,0.3398,0.486463528,0,60750127001
138,0.103083,0.205,0.434,0.323516,0.853,0.097,39.3251,0.0,0.00252754,6.4,20.43,5.0582,0.077,4.2838,3.7836,0.36,0,60750103002
139,0.157016069,0.06900008,0.549,0.293845334,0.84100056,0.074000149,5.65703,0.0,0.0781005,13.9,37.03,6.7351,0.059000087,2.95921,6.5987,0.288000315,0,60750228011
140,0.090223346,0.055404823,0.504273,0.167135951,0.937993888,0.078733188,-6.32806,0.181343,0.0020022,5.3243,17.9054,2.5178,0.078733153,0.652315,18.7256,0.460734781,0,60750615006
141,0.11753,0.178,0.634,0.252739,0.85,0.238,128.83,0.0,0.0124882,4.3,12.69,2.7109,0.091,6.18101,4.6154,0.395,2,60750477012
142,0.100391398,0.311998128,0.811001,0.567840593,0.496997018,0.486997078,93.1945,0.0,0.0,6.4,8.6307,3.643,0.22999862,7.07447,4.9374,0.391997648,2,60750113002
143,0.044344778,0.1199994,0.540002,0.471369643,0.952995235,0.122999385,116.033,0.0,0.00126996,7.9,30.47,3.8247,0.078999605,19.9275,4.8098,0.67599662,2,60750120002
144,0.133059,0.139,0.64,0.246517,0.797,0.163,10.6801,0.0,0.0211538,6.4379,10.7931,2.5324,0.118,2.40892,1.8472,0.261,0,60750354005
145,0.185283,0.165,0.91,0.178459,0.823,0.167,113.151,0.0,0.00725477,11.2,16.81,7.5022,0.101,3.79987,17.613,0.216,2,60750264023
146,0.069996476,0.393995122,0.282829,0.104995213,0.947583208,0.175552257,-5.2,0.00887451,0.000448397,4.3,12.69,2.7109,1.05066e-09,0.0,4.5683,0.469801779,0,60759802001
147,0.068511087,0.33700065,0.518998,0.38986224,0.859002372,0.224000016,124.54,0.0,0.0,9.9906,26.8014,4.6314,0.273000273,3.21285,3.7988,0.531001722,2,60750155001
148,0.103083,0.205,0.434,0.323516,0.853,0.097,12.9121,0.0,0.000997978,6.4012,20.4383,5.0572,0.077,6.3063,3.0599,0.36,0,60750103001
149,0.044345,0.12,0.54,0.471372,0.953,0.123,130.962,0.0,0.00103708,7.9,30.47,3.8247,0.079,9.62334,4.8097,0.676,2,60750120001
150,0.103535,0.212,0.684,0.229067,0.895,0.215,109.527,0.0,0.0153392,4.3,12.69,2.7109,0.14,1.78731,4.6154,0.297,2,60750478011
151,0.086594128,0.04039623,0.460422,0.069068897,0.951235035,0.020198115,-7.8,0.126973,0.00341955,8.2462,12.1195,3.8996,0.02308356,2.95858,17.2145,0.30393354,0,60750226001
152,0.078237707,0.122999537,0.348003,0.208415248,0.94799643,0.033999884,56.4383,0.0,0.0206499,6.6741,9.7732,3.6492,0.104999624,8.90588,2.1589,0.438998371,0,60750203001
153,0.149115969,0.023300063,0.754453,0.637357967,0.794890522,0.021507761,-7.58461,0.380881,7.59257e-05,97.3687,0.9466,0.2787,0.152346545,0.0,17.579,0.062730979,0,60750179021
154,0.139742,0.094,0.661,0.464475,0.804,0.181,53.5594,0.0,0.0,13.9,37.03,6.7351,0.12,7.1736,3.2195,0.288,0,60750209003
155,0.038578884,0.078999763,0.422002,0.252452243,0.902997291,0.03999988,57.0685,0.0,0.0,15.5,63.75,12.9674,0.124999625,8.61424,3.4252,0.556998329,0,60750168023
156,0.112635089,0.141000095,0.898,0.421786151,0.707000421,0.232000108,246.478,0.0,0.00709732,8.2,14.28,4.4834,0.112000049,7.20612,0.5207,0.227000036,1,60750314002
157,0.060648641,0.185777831,0.164988,0.159466637,0.984227315,0.009881887,-6.44932,0.0776233,0.000758237,7.6793,29.5442,3.7997,0.036562704,9.29325,0.3408,0.574132504,0,60750102001
158,0.096551962,0.20100036,0.34,0.22546443,0.971999998,0.081000344,126.648,0.0,0.00181702,12.1,23.1,5.4453,0.115000387,6.52742,3.0921,0.615999968,2,60750152003
159,0.173549019,0.171000013,0.892,0.277262025,0.756000089,0.285000014,129.533,0.0,0.00997506,8.2,14.28,4.4834,0.106000007,1.50376,0.5207,0.212000021,2,60750261004
160,0.133059,0.139,0.64,0.246517,0.797,0.163,9.41693,0.0,0.0166417,6.4,10.72,2.498,0.118,2.80347,1.8761,0.261,0,60750354003
161,0.14266261,0.127999651,0.584001,0.361556073,0.929997755,0.085999762,101.694,0.0,0.00318079,12.0991,23.0986,5.445,0.120999688,6.68822,3.7988,0.291999414,2,60750158013
162,0.103083,0.205,0.434,0.323516,0.853,0.097,94.9719,0.0,0.00129685,6.4036,20.4544,5.0552,0.077,6.39422,4.0278,0.36,2,60750103003
163,0.117529882,0.177999822,0.634,0.252738747,0.84999915,0.237999762,129.209,0.0,0.00762872,4.3,12.69,2.7109,0.090999909,5.04055,4.6154,0.394999605,2,60750477011
164,0.157015843,0.068999931,0.549,0.293844706,0.840999159,0.073999926,12.7995,0.0,0.0041732,13.9,37.03,6.7351,0.058999941,5.00402,5.9226,0.287999712,0,60750228012
165,0.093325,0.174,0.573,0.267211,0.828,0.185,139.905,0.0,0.000530965,6.902,23.7902,4.6454,0.096,8.24098,4.9374,0.423,2,60750108001
166,0.038578953,0.078999752,0.422001,0.252452415,0.902997642,0.03999987,85.0675,0.0,0.0,13.696,53.9647,11.1205,0.124999654,11.3208,3.7988,0.556998303,0,60750168022
167,0.147607887,0.096977138,0.181513,0.070676943,0.942617615,0.068853743,-7.59946,0.348189,0.0292888,0.0,5.159,0.0,0.063035123,5.07614,0.3354,0.528525314,0,60750126021
168,0.092276,0.094,0.675,0.25935,0.808,0.064,36.008,0.0,0.00150597,13.9,37.03,6.7351,0.101,9.61539,3.2195,0.169,0,60750229021
169,0.141527121,0.164000183,0.62,0.35426826,0.803000876,0.266000245,123.346,0.0,0.00318644,4.3,12.69,2.7109,0.132000094,4.62449,4.6154,0.417000407,2,60750427002
170,0.091971595,0.056478393,0.494667,0.170374504,0.956169285,0.080258769,-16.99,0.227608,0.0014319,0.0,21.81,0.0,0.080258769,1.70068,19.0926,0.469662426,0,60750615003
171,0.203623065,0.071000044,0.752,0.422373216,0.706000373,0.203000084,36.5588,0.0,0.0,13.9,37.03,6.7351,0.115000056,9.83227,3.2195,0.242000134,0,60750229011
172,0.089447039,0.09200003,0.313,0.111160038,0.971000256,0.037000003,69.3542,0.0,0.0189519,13.9,37.03,6.7351,0.073000024,13.5659,2.1589,0.425000084,0,60750210001
173,0.009803951,0.108999455,0.490003,0.371854141,0.89799551,0.12199939,105.708,0.0,0.0,7.9177,30.4811,3.8531,0.108999455,6.56872,4.9374,0.598997005,2,60750121001
174,0.060557041,0.144000154,0.455,0.221957265,0.881000877,0.149000087,151.668,0.0,0.000184353,7.9,30.47,3.8247,0.127000105,10.223,4.8521,0.563000518,2,60750111002
175,0.141527,0.164,0.62,0.354268,0.803,0.266,133.613,0.0,0.00555894,4.3,12.69,2.7109,0.132,2.06923,4.6154,0.417,2,60750427003
176,0.063924,0.145,0.355,0.16519,0.955,0.078,86.2689,0.0,0.00463633,7.8368,30.2676,3.7941,0.077,7.57135,3.179,0.54,2,60750109003
177,0.304962068,0.068000064,0.96,0.657886169,0.708000252,0.141000122,79.7825,0.0,0.0117341,11.2,16.81,7.5022,0.111000042,0.909505,17.613,0.156000065,0,60750605021
178,0.30496139,0.067999864,0.96,0.657884684,0.707998584,0.140999718,73.0882,0.0,0.0068221,11.2,16.81,7.5022,0.110999778,0.736649,17.613,0.155999688,0,60750605022
179,0.186244541,0.098999788,0.625001,0.176810634,0.900998021,0.064999825,7.4639,0.0,0.079745,13.8966,37.0045,6.7361,0.047999921,6.19835,3.2195,0.178999633,0,60750254023
180,0.157016,0.069,0.549,0.293845,0.841,0.074,10.831,0.0,0.0059246,13.9,37.03,6.7351,0.059,6.65421,3.2195,0.288,0,60750228013
181,0.146932594,0.149999574,0.857,0.402403835,0.691998071,0.329999037,177.48,0.0,0.00631395,8.2042,14.2836,4.4876,0.108999691,4.26986,0.5207,0.151999574,2,60750263011
182,0.174380126,0.123999428,0.908001,0.222734178,0.793995879,0.127999472,45.2265,0.0,0.00261742,23.2,38.58,16.1156,0.070999682,1.74034,17.613,0.160999224,0,60750230031
183,0.166504,0.126,0.793,0.36649,0.82,0.177,83.3562,0.0,0.00182579,9.3241,18.784,4.9266,0.123,6.30372,2.9416,0.196,0,60750254031
184,0.158658841,0.162999837,0.824,0.26963073,0.771999228,0.215999784,106.956,0.0,0.00260651,9.2751,15.1867,5.5653,0.094999905,4.14639,0.9145,0.193999806,2,60750256004
185,0.16209784,0.085999931,0.492,0.204372809,0.922998966,0.105999724,52.9378,0.0,0.0242866,13.9,37.03,6.7351,0.056999948,10.0376,3.0326,0.258999821,0,60750253004
186,0.060557,0.144,0.455,0.221957,0.881,0.149,158.284,0.0,0.000548748,7.9,30.47,3.8247,0.127,6.17844,4.9374,0.563,2,60750111001
187,0.112635,0.141,0.898,0.421786,0.707,0.232,270.148,0.0,0.00621148,8.2,14.28,4.4833,0.112,5.13179,0.5207,0.227,1,60750314004
188,0.141527096,0.163999885,0.62,0.354268029,0.802999871,0.265999793,123.069,0.0,0.00202981,4.3,12.69,2.7109,0.131999765,3.45622,3.9085,0.417000016,2,60750427001
189,0.061374,0.188,0.155,0.161374,0.996,0.01,-2.13881,0.0,0.00206312,7.7003,29.8302,3.728,0.037,6.82594,0.3448,0.581,0,60750102003
190,0.197504,0.127,0.897,0.350037,0.717,0.195,160.195,0.0,0.0136425,8.2,14.28,4.4834,0.087,4.94252,0.5207,0.185,2,60750260012
191,0.131897,0.113,0.48,0.217519,0.957,0.027,20.0034,0.0,0.00512827,13.9,37.03,6.7351,0.086,6.12662,3.2195,0.225,0,60750251001
192,0.148567,0.11,0.368,0.120491,0.941,0.046,65.9838,0.0,0.0153918,9.8372,26.3327,4.8467,0.074,7.33753,2.2659,0.493,0,60750215001
193,0.060429,0.204,0.49,0.290123,0.9,0.103,180.227,0.0,0.000393869,6.7009,13.011,3.6794,0.11,10.3627,4.9374,0.497,2,60750112003
194,0.112635,0.141,0.898,0.421786,0.707,0.232,253.362,0.0,0.00199339,8.2,14.2799,4.4833,0.112,8.50881,0.5207,0.227,1,60750314003
195,0.078237765,0.122999631,0.348002,0.208415375,0.947997156,0.033999898,62.2476,0.0,0.00762417,6.0947,6.21,3.1649,0.104999685,10.9127,2.1589,0.438998683,0,60750203002
196,0.191754,0.174,0.67,0.118961,0.916,0.109,34.9286,0.0,0.0104879,8.0,13.81,3.9498,0.064,3.5134,0.2606,0.143,0,60750331003
197,0.074235047,0.110000058,0.273,0.17516811,0.972000586,0.027000027,39.8759,0.0,0.00878317,6.1729,6.5177,3.2004,0.14000005,14.3322,2.1589,0.495000252,0,60750206001
198,0.093325,0.174,0.573,0.267211,0.828,0.185,165.258,0.0,0.0,6.693,17.5053,4.2313,0.096,9.22722,4.9374,0.423,2,60750108003
199,0.130178098,0.151000089,0.847,0.331840077,0.816000481,0.200000055,251.963,0.0,0.00409668,8.2,14.28,4.4834,0.128000049,8.35884,0.2606,0.154000089,1,60750312012
200,0.032,0.158,0.564,0.384762,0.893,0.094,158.572,0.0,0.0,6.4,8.63,3.6429,0.078,24.3,4.9374,0.681,2,60750119022
201,0.133059122,0.1390001,0.64,0.246517172,0.79700067,0.163000088,23.0906,0.0,0.00428864,6.4,10.72,2.498,0.118000064,2.55339,1.8761,0.261000193,0,60750354002
202,0.146933,0.15,0.857,0.402405,0.692,0.33,191.119,0.0,0.00182378,8.2,14.28,4.4834,0.109,6.68687,0.5207,0.152,1,60750263012
203,0.007242971,0.353998584,0.403002,0.153065388,0.922996308,0.061999752,162.103,0.0,0.0,7.9,30.47,3.8247,0.192999228,4.1511,0.3448,0.68999724,2,60750151001
204,0.176113029,0.144000037,0.595,0.384578046,0.820000179,0.22800004,118.087,0.0,0.00806448,4.3,12.69,2.7109,0.078000019,3.60705,4.6154,0.448000067,2,60750426011
205,0.077391006,0.077000042,0.308,0.16307417,0.98099993,0.053000027,28.67,0.0,0.00479834,13.9,37.03,6.7351,0.065000116,22.1745,2.1589,0.398000123,0,60750207001
206,0.060428819,0.203999388,0.490002,0.29012213,0.8999973,0.102999691,152.28,0.0,0.0,6.545,10.7416,3.6605,0.10999967,8.59342,4.9374,0.496998509,2,60750112001
207,0.060429,0.204,0.49,0.290123,0.9,0.103,219.975,0.0,0.0,7.0685,18.364,3.7239,0.11,15.4545,4.9374,0.497,1,60750112002
208,0.173549,0.171,0.892,0.277262,0.756,0.285,151.347,0.0,0.00443483,8.2,14.28,4.4834,0.106,1.89702,0.5207,0.212,2,60750261003
209,0.189858812,0.099998897,0.508998,0.275781267,0.94699851,0.013007689,26.6049,0.0,0.0400852,13.9,37.03,6.7351,0.060999706,5.73477,3.2195,0.256000383,0,60750252001
210,0.079402,0.05,0.544,0.313966,0.927,0.022,65.1467,0.0,0.000972886,15.1342,61.7657,12.5929,0.114,6.197,3.7988,0.393,0,60750163001
211,0.117529882,0.177999822,0.634,0.252738747,0.84999915,0.237999762,135.524,0.0,0.0024554,4.3,12.69,2.7109,0.090999909,5.57668,4.6154,0.394999605,2,60750477013
212,0.351129,0.084,0.944,0.601437,0.835,0.042,55.1029,0.0,0.00271045,23.2,38.58,16.1156,0.11,6.82516,17.613,0.238,0,60750231022
213,0.108745906,0.13899988,0.400001,0.264265792,0.909999219,0.15899985,163.201,0.0,0.0185304,3.2,6.69,1.9236,0.115999895,19.847,4.6154,0.383999671,2,60750401003
214,0.169815,0.131,0.91,0.371619,0.731,0.273,159.059,0.0,0.00282965,8.2,14.28,4.4834,0.095,5.40905,0.5207,0.154,2,60750260041
215,0.157537,0.181,0.6,0.19352,0.867,0.153,180.206,0.0,0.0,3.6936,9.3824,2.2769,0.087,3.67562,4.6154,0.254,2,60750476004
216,0.133925058,0.187000014,0.754999,0.214404142,0.763000388,0.184000051,54.5673,0.0,0.00275308,6.4,10.72,2.498,0.095000075,5.32038,1.8761,0.22700015,0,60750353006
217,0.252229583,0.097571304,0.888631,0.127987052,0.852516587,0.130095113,2.64275,0.0,0.0094365,11.1713,16.7682,7.4832,0.069975365,1.59405,17.6129,0.182330159,0,60750610002
218,0.088841,0.063,0.621,0.223175,0.959,0.138,0.121053,0.0871945,0.0,9.9,14.55,4.6817,0.049,0.387596,19.2683,0.369,0,60750607003
219,0.089839,0.142,0.435,0.173963,0.95,0.083,9.67952,0.0,0.000446427,6.4,20.43,5.0582,0.077,5.0875,4.9374,0.485,0,60750104002
220,0.17971406,0.095000046,0.906,0.431427122,0.72400026,0.294000089,242.593,0.0,0.0099091,8.2118,14.29,4.4953,0.085000033,3.65746,0.5207,0.161000054,1,60750260032
221,0.173549027,0.171000028,0.892,0.277262074,0.756000127,0.285000061,147.271,0.0,0.00181786,8.2,14.28,4.4834,0.10600002,3.41426,0.5207,0.212000028,2,60750261002
222,0.151458428,0.067999785,0.704001,0.342662902,0.78899712,0.182999325,29.67,0.0,0.0,13.9,37.03,6.7351,0.089999709,5.45256,3.2195,0.237999192,0,60750228031
223,0.09003074,0.041999412,0.439008,0.071809995,0.988986154,0.020999706,-5.62955,0.00389568,0.0056209,9.9683,14.6734,4.7404,0.023999664,1.36892,17.613,0.315995576,0,60750226002
224,0.102118017,0.135000021,0.551,0.386899041,0.89200014,0.063000024,164.518,0.0,0.0200177,3.2,6.69,1.9236,0.077000018,11.0497,4.6154,0.379000059,2,60750451003
225,0.028312858,0.126999365,0.498003,0.269045655,0.94199529,0.080999595,171.313,0.0,0.0,7.8865,30.2742,3.823,0.10999945,10.6022,4.9374,0.58599707,2,60750119012
226,0.185496119,0.154000057,0.79,0.261538336,0.660000173,0.162000101,70.7547,0.0,0.0011977,11.2,16.81,7.5022,0.082000011,0.467836,3.2195,0.186999935,0,60750257013
227,0.131791015,0.166000014,0.876,0.245774018,0.792000102,0.191000007,203.754,0.0,0.00664795,8.2,14.28,4.4834,0.100000008,4.74563,0.4879,0.184000027,1,60750312022
228,0.155141,0.127,0.673,0.2189,0.852,0.112,9.94978,0.0,0.0304127,4.3,8.28,2.8093,0.082,6.33714,1.8761,0.246,0,60750352013
229,0.093325,0.174,0.573,0.267211,0.828,0.185,140.934,0.0,0.0,7.1205,25.2484,4.4652,0.096,5.64617,4.9374,0.423,2,60750108002
230,0.089838965,0.142000025,0.435001,0.173963931,0.949999045,0.083000591,14.5361,0.0,0.0,5.6022,21.6131,4.4277,0.077000117,16.4557,4.9374,0.484999751,0,60750104004
231,0.130177837,0.150999786,0.847,0.331839412,0.815998842,0.199999654,234.49,0.0,0.0130371,8.2,14.28,4.4834,0.127999793,2.27273,0.2606,0.15399978,1,60750312013
232,0.089446821,0.091999816,0.313001,0.111159778,0.970998058,0.036999926,63.8334,0.0,0.00734334,13.8938,37.0136,6.7322,0.072999854,5.43901,2.1589,0.42499915,0,60750210004
233,0.179714,0.095,0.906,0.431427,0.724,0.294,246.17,0.0,0.00541936,8.2112,14.2895,4.4947,0.085,5.40158,0.5207,0.161,1,60750260031
234,0.158659056,0.163000141,0.824,0.269631357,0.772000383,0.216000175,237.997,0.0,0.00110474,11.2,16.8099,7.5022,0.09500014,6.61626,3.2195,0.194000267,1,60750256003
235,0.146254707,0.177999644,0.573001,0.25507849,0.903998192,0.080999838,55.0694,0.0,0.00651111,4.3,12.6792,2.7111,0.115999768,2.77148,4.6154,0.317999364,0,60750479014
236,0.105483166,0.136000611,0.353999,0.182773618,0.954001889,0.049000329,128.316,0.0,0.00972364,12.1,23.1,5.4453,0.062000455,7.60168,1.3104,0.389001166,2,60750153001
237,0.146255,0.178,0.573,0.255079,0.904,0.081,27.9419,0.0,0.00239394,4.3,12.69,2.7109,0.116,6.16683,4.6154,0.318,0,60750479015
238,0.096552,0.201,0.34,0.225464,0.972,0.081,134.188,0.0,0.0,12.0868,23.1231,5.4402,0.115,5.08721,2.7997,0.616,2,60750152002
239,0.197504231,0.127000217,0.897,0.350037375,0.717001091,0.195000201,161.012,0.0,0.00514578,8.2,14.28,4.4834,0.087000134,4.06366,0.5207,0.185000211,2,60750260011
240,0.162098349,0.086000176,0.491999,0.204373564,0.923001542,0.106000191,83.4006,0.0,0.00593062,13.8664,36.9417,6.7195,0.057000196,11.8549,3.199,0.259000549,0,60750253003
241,0.15466186,0.151999866,0.548,0.258677762,0.89199922,0.182999827,162.384,0.0,0.015085,3.2,6.69,1.9236,0.106999904,7.38278,4.6154,0.290999759,2,60750452001
242,0.079402,0.05,0.544,0.313966,0.927,0.022,65.7883,0.0,0.0,15.5,63.75,12.9674,0.114,6.74536,3.7988,0.393,0,60750163002
243,0.028313283,0.12700127,0.497995,0.26904969,0.94200942,0.08100081,212.835,0.0,0.0,7.1467,19.502,3.7334,0.1100011,12.1212,4.9374,0.58600586,1,60750119011
244,0.13392519,0.187000201,0.755,0.214404246,0.763001023,0.184000123,77.636,0.0,0.00623318,6.4,10.7199,2.498,0.095000093,0.340483,1.8761,0.227000289,0,60750353001
245,0.17483101,0.159000009,0.644,0.225606006,0.855000047,0.115000006,19.0313,0.0,0.0160806,7.3226,12.5018,3.3352,0.079000003,2.39495,1.8761,0.230000007,0,60750330003
246,0.173333,0.134,0.87,0.383139,0.8,0.183,161.483,0.0,0.00527457,8.0,13.81,3.9498,0.115,4.67181,0.5089,0.215,2,60750313022
247,0.173333,0.134,0.87,0.383139,0.8,0.183,160.503,0.0,0.00447101,7.9618,13.7448,3.934,0.115,5.09761,0.3402,0.215,2,60750313023
248,0.105482727,0.135999649,0.354002,0.182772435,0.953997538,0.048999824,130.764,0.0,0.00817974,12.1,23.1,5.4453,0.061999828,10.7629,0.3448,0.388999096,2,60750153002
249,0.095304333,0.101999286,0.417002,0.237739336,0.937995347,0.082999419,199.816,0.0,0.0192645,6.4,14.39,3.6513,0.097999314,4.80971,3.7988,0.359999159,1,60750165001
250,0.133059,0.139,0.64,0.246517,0.797,0.163,21.4457,0.0,0.00143315,6.4,10.72,2.498,0.118,3.22336,1.8761,0.261,0,60750354004
251,0.155141,0.127,0.673,0.2189,0.852,0.112,11.2325,0.0,0.0394626,4.3102,8.2919,2.8078,0.082,2.7881,1.8761,0.246,0,60750352011
252,0.081135919,0.094999905,0.366001,0.23022277,0.902999097,0.017999982,172.941,0.0,0.0207612,6.4,14.39,3.6513,0.065999934,9.99203,3.7988,0.422999577,2,60750164002
253,0.078237788,0.122999665,0.348002,0.208415429,0.947997459,0.033999906,81.2509,0.0,0.0043663,5.9,5.44,3.0756,0.104999729,14.1061,2.1589,0.438998837,0,60750203003
254,0.092821,0.057,0.49,0.171948,0.965,0.081,6.02855,0.0,0.0,9.8852,14.5609,4.6747,0.081,39.9348,19.2683,0.474,0,60750615005
255,0.112635162,0.141000196,0.898,0.421786357,0.707000995,0.232000242,339.306,0.0,0.00344274,8.2,14.28,4.4834,0.112000141,2.68031,0.5207,0.227000209,3,60750314005
256,0.146933,0.15,0.857,0.402405,0.692,0.33,233.806,0.0,0.00205525,8.2,14.28,4.4834,0.109,4.17412,0.5207,0.152,1,60750263013
257,0.158658676,0.162999686,0.824001,0.269630377,0.771998546,0.215999514,167.304,0.0,0.000700696,11.2,16.81,7.5022,0.094999823,3.12589,3.2195,0.193999712,2,60750256002
258,0.058458766,0.206999172,0.665001,0.493039028,0.937996248,0.182999268,101.368,0.0,0.0,8.0,13.81,3.9498,0.117999528,3.37838,0.2606,0.355998576,2,60750332042
259,0.159524857,0.111999902,0.577,0.30344972,0.867999361,0.133999878,9.8667,0.0,0.0505021,4.3,8.28,2.8093,0.074999934,4.75881,1.8761,0.234999912,0,60750352021
260,0.135039,0.16,0.609,0.196399,0.88,0.179,138.526,0.0,0.00703497,4.3,12.69,2.7109,0.115,2.63504,4.6154,0.261,2,60750477022
261,0.190987342,0.093999755,0.582002,0.320109053,0.819997363,0.112999751,173.34,0.0,0.0018582,13.8737,36.9551,6.7232,0.112999654,7.44712,2.9176,0.298998855,2,60750254013
262,0.130178048,0.151000045,0.847,0.331840055,0.816000316,0.200000024,252.59,0.0,0.0023259,8.2,14.28,4.4834,0.128000025,5.19412,0.4993,0.154000081,1,60750312011
263,0.195809804,0.111999888,0.807,0.234189766,0.877999122,0.11999988,99.4749,0.0,0.038724,8.0504,14.1379,4.4009,0.063999936,6.00343,1.6285,0.202999797,2,60750255002
264,0.142662857,0.127999872,0.584,0.361556638,0.92999907,0.085999914,129.53,0.0,0.000265777,12.1,23.1,5.4453,0.120999879,6.31234,3.1789,0.291999708,2,60750158012
265,0.058458883,0.206999586,0.665001,0.493040014,0.937998124,0.182999634,80.1034,0.0,2.28137e-05,8.0,13.81,3.9498,0.117999764,1.19646,0.2606,0.355999288,0,60750332043
266,0.155140708,0.126999741,0.673001,0.218899674,0.851998389,0.11199981,8.85577,0.0,0.0337979,4.3,8.28,2.8093,0.081999836,2.849,1.8761,0.245999518,0,60750352014
267,0.159524521,0.111999664,0.577001,0.30344909,0.867997396,0.133999598,9.80122,0.0,0.0629807,4.3,8.28,2.8093,0.074999775,4.02685,1.8761,0.234999295,0,60750352022
268,0.156696,0.22,0.718,0.246548,0.804,0.175,154.063,0.0,0.00275954,4.3082,8.2895,2.8081,0.109,5.3724,1.8761,0.273,2,60750329022
269,0.157536947,0.180999897,0.6,0.193519911,0.866999594,0.152999904,132.078,0.0,0.00781582,3.6948,9.3888,2.2777,0.08699996,4.27029,4.6154,0.253999902,2,60750476001
270,0.143645151,0.165000135,0.793,0.175232146,0.814000671,0.153000136,180.018,0.0,4.23333e-05,11.2,16.81,7.5022,0.102000082,2.66134,16.6101,0.278000176,2,60750259003
271,0.190987155,0.093999588,0.582002,0.320108551,0.819996445,0.112999447,147.934,0.0,0.000904752,13.9,37.03,6.7351,0.112999469,7.59931,3.2195,0.298998647,2,60750254012
272,0.095304809,0.101999796,0.417,0.237740525,0.937998783,0.082999834,226.414,0.0,0.0149522,6.4,14.39,3.6513,0.097999804,8.04148,3.7988,0.359999859,1,60750165003
273,0.148567,0.11,0.368,0.120491,0.941,0.046,81.9264,0.0,0.00368569,8.8839,23.8225,4.4035,0.074,9.80395,2.1589,0.493,0,60750215002
274,0.295793622,0.065955648,0.961203,0.638107315,0.686714688,0.136760976,68.0163,0.0,0.00068394,11.0071,16.5205,7.3731,0.107662896,1.45469,17.613,0.151310016,0,60750605023
275,0.195809608,0.111999776,0.807,0.234189532,0.877998244,0.11999976,92.7636,0.0,0.0470707,8.1982,14.2783,4.4824,0.063999872,4.75851,2.0298,0.202999594,2,60750255001
276,0.147013853,0.13999986,0.699,0.294841705,0.824999175,0.111999888,101.968,0.0,0.00230722,4.3,12.69,2.7109,0.111999888,3.42759,4.6154,0.417999582,2,60750478022
277,0.049594901,0.102999794,0.538001,0.272863454,0.843998312,0.132999734,159.076,0.0,0.000507897,7.9,30.47,3.8247,0.058999882,5.06073,4.9374,0.431999136,2,60750110002
278,0.108746,0.139,0.4,0.264266,0.91,0.159,169.29,0.0,0.00466475,3.2,6.69,1.9236,0.116,11.1439,4.6154,0.384,2,60750401002
279,0.074234955,0.109999939,0.273001,0.175167903,0.971999431,0.026999985,65.3123,0.0,0.00277514,5.9,5.44,3.0756,0.139999883,13.8794,2.1589,0.494999682,0,60750206004
280,0.133924902,0.186999866,0.755,0.214403894,0.762999502,0.183999855,52.8833,0.0,0.00194515,6.4112,10.7416,2.5082,0.09499996,2.35452,1.8761,0.226999941,0,60750353004
281,0.103535252,0.212000126,0.683999,0.229067484,0.895001099,0.215000056,142.043,0.0,0.00157704,4.3,12.69,2.7109,0.140000131,1.6488,4.6154,0.297000713,2,60750478012
282,0.135038679,0.159999692,0.609001,0.196398685,0.879998063,0.178999727,138.649,0.0,0.00412193,4.3,12.69,2.7109,0.114999709,2.84414,4.6154,0.260999692,2,60750477021
283,0.135038865,0.15999984,0.609,0.196398804,0.87999912,0.178999821,135.434,0.0,0.00371252,4.3,12.69,2.7109,0.114999885,2.83889,4.6154,0.260999739,2,60750477023
284,0.098069,0.117,0.308,0.093241,0.987,0.015,9.17691,0.0,0.00336601,9.9041,14.5736,4.6839,0.076,2.20022,17.613,0.39,0,60750227041
285,0.095305,0.102,0.416999,0.237741,0.938001183,0.083,210.424,0.0,0.0128192,6.4,14.39,3.6513,0.098,6.48148,3.7988,0.360001038,1,60750165002
286,0.092821,0.057,0.49,0.171948,0.965,0.081,-1.31835,0.0768847,0.000628777,2.1104,20.2624,0.998,0.081,0.695893,19.2683,0.474,0,60750615004
287,0.063924027,0.145000055,0.355,0.165190146,0.955000453,0.078000071,134.333,0.0,0.000502644,7.9,30.47,3.8247,0.077000032,6.26566,4.9374,0.540000232,2,60750109002
288,0.162423838,0.172999827,0.884,0.276473724,0.76999923,0.196999803,282.474,0.0,0.0163544,8.0211,13.9684,4.3856,0.08999991,3.64742,0.5207,0.064999935,1,60750262004
289,0.146916045,0.110000057,0.681,0.317455153,0.899000274,0.064000032,28.1607,0.0,0.0,13.9,37.03,6.7351,0.098000051,4.08602,3.2195,0.27100007,0,60750229031
290,0.115951,0.062,0.426,0.234762,0.971,0.011,103.679,0.0,0.0106069,6.4305,14.4439,3.6814,0.081,7.46269,3.0154,0.48,2,60750168012
291,0.159525,0.112,0.577,0.30345,0.868,0.134,9.27926,0.0,0.0467161,4.3,8.28,2.8093,0.075,2.48756,1.8761,0.235,0,60750352023
292,0.186245164,0.099000086,0.625,0.176811238,0.901000817,0.065000011,76.3525,0.0,0.00727067,13.9,37.03,6.7351,0.048000053,4.7619,3.2195,0.179000221,0,60750254021
293,0.190988115,0.094000061,0.582,0.320110146,0.820000657,0.113000076,126.704,0.0,0.000823461,13.8994,37.0285,6.7349,0.113000041,4.60941,3.0843,0.299000184,2,60750254011
294,0.177956019,0.061000009,0.43,0.200711015,0.928000206,0.046000004,6.26426,0.0,0.00614177,9.9,14.55,4.6817,0.073000005,2.04708,17.613,0.267000066,0,60750614002
295,0.061339,0.097,0.495,0.242024,0.933,0.05,200.5,0.0,0.00358674,8.8248,17.7402,4.3234,0.081,6.25896,3.7988,0.342,1,60750157002
296,0.061374006,0.187999958,0.155,0.161373998,0.996000026,0.010000064,81.5304,0.0,0.00125257,7.8418,30.2667,3.8027,0.037000041,7.82711,0.3448,0.580999988,0,60750102002
297,0.058459049,0.20700005,0.665,0.493041071,0.938000294,0.183000032,119.854,0.0,0.0,8.0,13.81,3.9498,0.118000029,1.386,0.2606,0.356000061,2,60750332041
298,0.146477065,0.187000091,0.782,0.211720104,0.85400037,0.172000089,127.84,0.0,0.004112,6.4,10.72,2.498,0.101000046,3.82555,1.8761,0.13700011,2,60750329014
299,0.195809257,0.11199959,0.807001,0.234189111,0.877996762,0.11999954,104.249,0.0,0.030467,8.1169,14.201,4.4376,0.063999766,4.20224,0.5098,0.202999259,2,60750255006
300,0.142663087,0.128000202,0.584,0.361557366,0.93000082,0.086000173,105.946,0.0,0.000542616,12.1,23.1,5.4453,0.121000124,2.40385,3.7988,0.292000449,2,60750158011
301,0.185282307,0.16499949,0.91,0.17845844,0.822997432,0.166999444,213.111,0.0,0.001231,11.2,16.81,7.5022,0.100999691,2.04918,17.613,0.215999514,1,60750264021
302,0.108746,0.139,0.4,0.264266,0.91,0.159,163.888,0.0,0.00709641,3.1885,6.666,1.9167,0.116,7.43494,1.7084,0.384,2,60750401004
303,0.072391969,0.114999944,0.272,0.137144812,0.982999362,0.024999944,31.8725,0.0,0.0249746,0.0036,5.1716,0.0018,0.03800003,10.4406,0.3448,0.55099946,0,60750129021
304,0.089446835,0.091999827,0.313001,0.111159792,0.970998153,0.036999927,72.7447,0.0,0.000755595,13.9,37.03,6.7351,0.072999863,11.6001,2.1589,0.424999181,0,60750210002
305,0.052191,0.088,0.299,0.210438,0.952,0.012,85.7603,0.0,0.00536683,5.9,5.44,3.0756,0.109,10.2293,2.1589,0.452,2,60750169001
306,0.049595009,0.103000008,0.538,0.272864011,0.844000134,0.133000004,174.831,0.0,0.0,7.9,30.47,3.8247,0.059000004,7.64088,4.9374,0.432000079,2,60750110003
307,0.162424,0.173,0.884,0.276474,0.77,0.197,245.648,0.0,0.00313609,8.2,14.28,4.4834,0.09,4.42152,0.5207,0.065,1,60750262003
308,0.155141,0.127,0.673,0.2189,0.852,0.112,8.9134,0.0,0.0135013,4.3,8.28,2.8093,0.082,1.94742,1.8761,0.246,0,60750352015
309,0.19581,0.112,0.807,0.23419,0.878,0.12,123.0,0.0,0.0101262,8.2,14.28,4.4834,0.064,6.23053,0.5207,0.203,2,60750255005
310,0.112635,0.141,0.898,0.421786,0.707,0.232,337.153,0.0,0.00049562,8.2,14.28,4.4834,0.112,6.67557,0.5207,0.227,3,60750314001
311,0.176113,0.144,0.595,0.384578,0.82,0.228,113.76,0.0,0.00157265,4.3,12.69,2.7109,0.078,2.99732,4.6154,0.448,2,60750426012
312,0.070746,0.118,0.221,0.19044,0.98,0.028,108.902,0.0,0.0111551,5.9,5.44,3.0756,0.057,9.82456,2.1589,0.431,2,60750205002
313,0.212440313,0.147087883,0.885489,0.288591362,0.706811572,0.242843082,251.393,0.0,0.00679398,8.0832,14.0765,4.4195,0.085883529,2.48756,0.5207,0.140177714,1,60750263031
314,0.174829252,0.15899841,0.644004,0.225603744,0.85499145,0.11499885,110.943,0.0,0.0078087,6.4,10.72,2.498,0.07899921,4.81622,1.8761,0.2299977,2,60750330005
315,0.351129097,0.08400001,0.944,0.601437184,0.835000167,0.042000023,5.77501,0.0,0.000833153,23.2,38.58,16.1156,0.110000028,1.37174,17.613,0.238000066,0,60750231021
316,0.133925,0.187,0.755,0.214404,0.763,0.184,87.8286,0.0,0.00238869,6.4,10.72,2.498,0.095,1.76018,1.8761,0.227,2,60750353002
317,0.182279611,0.128093904,0.838145,0.222224057,0.781472112,0.144974496,140.584,0.0,0.00234836,10.0788,15.8457,6.3836,0.09433272,3.71107,2.0779,0.15887616,2,60750263023
318,0.103535281,0.212000294,0.683999,0.229067628,0.895001587,0.215000358,152.166,0.0,0.000251354,4.3,12.69,2.7109,0.140000236,1.98059,4.6154,0.297000813,2,60750478013
319,0.177956,0.061,0.43,0.200711,0.928,0.046,7.33509,0.0,0.00284783,9.9265,14.6794,4.697,0.073,3.54755,17.613,0.267,0,60750614001
320,0.077391,0.077,0.308,0.163074,0.981,0.053,39.671,0.0,0.000545124,13.9,37.03,6.7351,0.065,12.4265,2.1589,0.398,0,60750207002
321,0.120603206,0.09600096,0.578996,0.370138701,0.9200092,0.12900129,39.1923,0.0,0.00174725,8.0,13.81,3.9498,0.10300103,3.58102,0.2606,0.24900249,0,60750332031
322,0.162098,0.086,0.492,0.204373,0.923,0.106,97.6901,0.0,0.00266835,13.9,37.03,6.7351,0.057,4.55729,3.2195,0.259,2,60750253001
323,0.154662,0.152,0.548,0.258678,0.892,0.183,207.552,0.0,0.0113549,3.2004,6.6905,1.9239,0.107,4.15369,4.6154,0.291,1,60750452003
324,0.089447041,0.092000027,0.313,0.11116002,0.971000269,0.037000002,76.3,0.0,0.000351117,13.9,37.03,6.7351,0.073000012,10.1471,2.1589,0.425000101,0,60750210003
325,0.16981466,0.130999738,0.91,0.371618257,0.730998538,0.272999454,208.661,0.0,0.00122563,8.2318,14.3068,4.5154,0.09499981,3.8115,0.5207,0.153999692,1,60750260042
326,0.133925,0.187,0.755,0.214404,0.763,0.184,56.7692,0.0,0.000605946,6.4,10.72,2.498,0.095,2.48293,1.8761,0.227,0,60750353003
327,0.133925111,0.187000076,0.754999,0.21440426,0.763000726,0.184000113,47.936,0.0,0.00023493,6.404,10.7277,2.5016,0.095000134,2.07523,1.8761,0.227000303,0,60750353005
328,0.146255,0.178,0.573,0.255079,0.904,0.081,112.44,0.0,0.00206065,4.3,12.69,2.7109,0.116,4.39009,4.6154,0.318,2,60750479011
329,0.04448909,0.074000048,0.227,0.203696182,0.984000753,0.006000009,128.506,0.0,0.0190131,6.4,14.39,3.6513,0.037000063,4.30769,3.7988,0.415000372,2,60750167001
330,0.096552005,0.201000233,0.34,0.225464101,0.972000607,0.081000041,180.722,0.0,0.0,7.9,30.47,3.8247,0.115000127,3.4075,3.2144,0.616000454,2,60750152001
331,0.044489161,0.074000144,0.227,0.203696301,0.984000809,0.006000043,153.25,0.0,0.0141091,6.4,14.39,3.6513,0.037000129,6.48882,3.7988,0.415000471,2,60750167004
332,0.063923808,0.144999565,0.355002,0.165189504,0.954997135,0.077999766,190.555,0.0,0.000691796,7.8905,30.4065,3.8325,0.076999769,8.14664,2.6394,0.53999838,1,60750109001
333,0.161644,0.171,0.675,0.209019,0.871,0.103,53.8619,0.0,0.00265729,4.8076,8.8698,2.7341,0.079,4.20463,1.8761,0.248,0,60750351007
334,0.117192016,0.146000016,0.511,0.161560026,0.897000091,0.080000019,154.726,0.0,0.00682918,3.2,6.69,1.9236,0.084000011,4.82593,4.6154,0.40100003,2,60750402002
335,0.081136043,0.095000027,0.366,0.230223171,0.903000505,0.018000012,150.831,0.0,0.00297604,6.4,14.39,3.6513,0.066000062,6.99301,3.7988,0.423000214,2,60750164001
336,0.162424215,0.173000205,0.884,0.276474376,0.770000922,0.197000361,175.866,0.0,0.00197073,8.2,14.28,4.4834,0.09000013,2.43563,0.5207,0.065000242,2,60750262001
337,0.19581,0.112,0.807,0.23419,0.878,0.12,104.623,0.0,0.00812184,8.2,14.28,4.4834,0.064,3.95738,0.5207,0.203,2,60750255003
338,0.186245,0.099,0.625,0.176811,0.901,0.065,26.5562,0.0,0.000880745,13.9,37.03,6.7351,0.048,5.97237,3.2195,0.179,0,60750254022
339,0.146254854,0.177999822,0.573,0.255078745,0.903999096,0.080999919,62.8325,0.0,0.000895589,4.3,12.69,2.7109,0.115999884,4.0404,4.6154,0.317999682,0,60750479013
340,0.066461867,0.05499989,0.297001,0.232255535,0.96999806,0.076999846,221.406,0.0,0.0109472,6.4,14.39,3.6513,0.080999838,8.07382,3.7988,0.33999932,1,60750166004
341,0.069087081,0.064000069,0.354,0.284850986,0.982999464,0.03600006,144.25,0.0,0.000374075,12.0979,23.0968,5.4446,0.092000002,8.32073,3.7988,0.523999401,2,60750158021
342,0.122075015,0.152000021,0.63,0.285714015,0.901000104,0.226000015,237.293,0.0,0.0155806,4.3,8.28,2.8093,0.114000009,2.35294,1.8761,0.273000033,1,60750326022
343,0.189861475,0.100000274,0.508998,0.275787401,0.947003591,0.013000953,38.3029,0.0,0.00134385,13.9,37.03,6.7351,0.061000218,5.4567,3.2195,0.256001048,0,60750252002
344,0.088836,0.104,0.219,0.071228,0.983,0.014,0.251743,0.0,0.0174946,0.0,5.16,0.0,0.044,5.00587,0.3448,0.572,0,60750126011
345,0.177955822,0.060999939,0.430001,0.200710799,0.927999072,0.045999954,58.9511,0.0,0.00229874,9.9082,14.5961,4.6859,0.072999927,6.51769,17.613,0.266999733,0,60750614003
346,0.069087691,0.06400064,0.353994,0.284853849,0.98300983,0.03600036,134.773,0.0,0.00060206,7.3398,15.8261,3.9471,0.09200092,6.41026,3.7988,0.52400524,2,60750158022
347,0.146477009,0.187000012,0.782,0.211720014,0.85400005,0.172000012,139.73,0.0,0.00210688,6.4,10.72,2.498,0.101000006,2.51467,1.8761,0.137000015,2,60750329012
348,0.142917,0.179,0.656,0.216353,0.84100009,0.179,106.287,0.0,0.00498019,4.3,8.28,2.8093,0.097,3.07574,1.8761,0.159000079,2,60750327007
349,0.171402,0.161,0.746,0.277727,0.808,0.149,200.444,0.0,0.00165412,8.8112,14.7954,5.0985,0.099,5.17241,0.9378,0.156,1,60750260022
350,0.174831,0.159,0.644,0.225606,0.855,0.115,72.0036,0.0,0.00313447,6.4,10.72,2.498,0.079,3.61477,1.8761,0.23,0,60750330006
351,0.195810013,0.112000013,0.807,0.234190021,0.878000056,0.120000021,117.493,0.0,0.00596523,8.2,14.28,4.4834,0.064000008,6.68577,0.5207,0.203000016,2,60750255004
352,0.154662,0.152,0.548,0.258678,0.892,0.183,167.661,0.0,0.00199451,3.2,6.69,1.9236,0.107,4.91898,4.6154,0.291,2,60750452004
353,0.148567,0.11,0.368,0.120491,0.941,0.046,88.2222,0.0,0.00575111,5.996,16.2187,3.0612,0.074,4.87988,2.1589,0.493,2,60750215003
354,0.158293,0.074,0.319,0.065807,0.959,0.037,9.50746,0.0,0.00163307,9.9,14.55,4.6817,0.045,4.30321,17.613,0.276,0,60750227021
355,0.079401921,0.04999995,0.544,0.313965686,0.926999073,0.021999978,92.2564,0.0,0.0,6.4165,14.4796,3.6682,0.113999886,9.86948,3.7988,0.392999607,2,60750163003
356,0.117191702,0.145999614,0.511001,0.161559605,0.896997617,0.079999823,161.222,0.0,0.0123182,3.195,6.6795,1.9206,0.083999785,3.31675,3.7041,0.400998897,2,60750402001
357,0.052191,0.088,0.299,0.210438,0.952,0.012,116.671,0.0,0.00200399,5.9006,5.4504,3.0763,0.109,6.90691,2.1589,0.452,2,60750169002
358,0.098069,0.117,0.308,0.093241,0.987,0.015,70.6701,0.0,0.00101342,9.9787,14.9924,4.7221,0.076,4.17973,17.613,0.39,0,60750227042
359,0.077391,0.077,0.308,0.163074,0.981,0.053,60.4752,0.0,0.0,13.9,37.03,6.7351,0.065,13.3176,2.1589,0.398,0,60750207003
360,0.117191914,0.145999877,0.511,0.161559863,0.896999239,0.079999933,135.093,0.0,0.00332105,3.2,6.69,1.9236,0.08399993,6.13825,4.6154,0.40099964,2,60750402003
361,0.161643838,0.170999829,0.675,0.209018791,0.870999275,0.102999897,67.5053,0.0,0.00365212,4.3,8.28,2.8093,0.078999921,2.56849,1.8761,0.24799988,0,60750351001
362,0.128434743,0.23499953,0.197002,0.071504857,0.993998012,0.01499997,76.6596,0.0,0.00282644,6.8062,15.2512,3.063,0.068999862,3.40136,0.3448,0.46999906,0,60750132002
363,0.060842055,0.092000087,0.228999,0.060512103,0.986000741,0.019000019,35.2969,0.0,0.0115914,0.0074,5.1837,0.0036,0.050000029,6.81942,0.3448,0.501000415,0,60750129011
364,0.115951,0.062,0.426,0.234762,0.971,0.011,88.1289,0.0,0.0,15.2928,62.4914,12.7539,0.081,7.65184,2.7125,0.48,0,60750168013
365,0.154662,0.152,0.548,0.258678,0.892,0.183,181.732,0.0,0.00108218,3.2093,6.7034,1.9311,0.107,9.4851,4.6154,0.291,2,60750452002
366,0.161226448,0.171724471,0.884855,0.274435557,0.76432279,0.195547519,227.387,0.0,0.00361259,7.9641,13.869,4.354,0.08933643,1.93477,0.5207,0.064520755,1,60750262005
367,0.156696,0.22,0.718,0.246548,0.804,0.175,156.841,0.0,0.0011399,6.3988,10.7185,2.4982,0.109,0.821693,1.8761,0.273,2,60750329023
368,0.185419,0.208,0.723,0.222082,0.847,0.17,233.594,0.0,0.00264664,6.4,10.72,2.498,0.11,6.55977,1.8761,0.161,1,60750328012
369,0.136478012,0.175000011,0.803,0.248050013,0.840000063,0.208000008,295.3,0.0,0.00192954,5.0034,9.0973,2.705,0.115000005,3.5868,1.8761,0.274000016,1,60750328022
370,0.157536842,0.180999819,0.6,0.193519806,0.866999133,0.152999847,151.777,0.0,0.00333429,3.693,9.3789,2.2764,0.086999913,2.00401,4.6154,0.253999746,2,60750476003
371,0.116653,0.172,0.54,0.290542,0.914,0.086,200.305,0.0,0.00303394,4.3,12.69,2.7109,0.092,3.24149,4.6154,0.325,1,60750479023
372,0.051263176,0.250000154,0.128998,0.112842198,0.988002521,0.005000078,130.414,0.0,0.000377473,5.1831,21.7658,2.5093,0.098000083,4.74052,0.3448,0.529001486,2,60750131022
373,0.07446,0.127,0.264,0.106867,0.969,0.041,156.583,0.0,0.00148631,12.0926,23.1131,5.4424,0.084,4.10572,0.3448,0.634,2,60750135002
374,0.066462,0.055,0.296999,0.232256,0.970001256,0.077,237.613,0.0,0.00735502,6.4,14.3899,3.6513,0.081,6.2179,3.7988,0.340001102,1,60750166003
375,0.070746,0.118,0.221,0.19044,0.98,0.028,109.781,0.0,0.00522555,5.9,5.44,3.0756,0.057,6.30631,2.1589,0.431,2,60750205001
376,0.096601,0.087,0.514,0.242551,0.942000536,0.056,233.657,0.0,0.0263933,4.3,8.28,2.8093,0.024,8.05369,3.7988,0.40300047,1,60750302021
377,0.130178,0.151,0.847,0.33184,0.816,0.2,275.386,0.0,0.000710484,8.2,14.28,4.4834,0.128,2.46305,0.5207,0.154,1,60750312014
378,0.211964237,0.146758263,0.885745,0.28794461,0.705227776,0.242298816,277.546,0.0,0.00322558,8.1826,14.2497,4.4739,0.085691084,2.29659,0.5207,0.139863613,1,60750263032
379,0.122074936,0.151999922,0.63,0.285713819,0.900999454,0.225999862,242.98,0.0,0.0049276,4.3,8.28,2.8093,0.113999935,2.91006,1.8761,0.272999843,1,60750326023
380,0.174113,0.152,0.819,0.267079,0.833,0.133,195.372,0.0,0.00176475,7.6718,13.2629,3.8255,0.115,6.39182,0.5125,0.208,1,60750313011
381,0.061339,0.097,0.495,0.242024,0.933,0.05,192.812,0.0,0.000644177,10.0643,19.3466,4.6398,0.081,6.38298,0.6531,0.342,1,60750157001
382,0.154662073,0.152000109,0.547999,0.258678021,0.89200036,0.183000038,160.9,0.0,0.00166494,3.2,6.69,1.9236,0.107000019,4.90621,4.6154,0.291000076,2,60750452005
383,0.146477,0.187,0.782,0.21172,0.854,0.172,136.139,0.0,0.00176334,6.4,10.72,2.498,0.101,3.91293,1.8761,0.137,2,60750329013
384,0.121341,0.114,0.173,0.115753,0.963,0.019,3.48471,0.0,0.0113866,0.0,5.1498,0.0,0.101,1.7452,0.3448,0.5,0,60750127003
385,0.206786793,0.152999847,0.450001,0.165312835,0.904999095,0.086999913,117.442,0.0,0.0309277,3.5853,8.7918,2.1994,0.092999907,2.84091,4.6154,0.270999729,2,60750426022
386,0.121341,0.114,0.173,0.115753,0.963,0.019,2.25366,0.0,0.00678485,0.0,5.16,0.0,0.101,2.80583,0.3448,0.5,0,60750127002
387,0.066461952,0.055000031,0.297,0.232255922,0.969999929,0.076999857,202.946,0.0,0.00343163,6.4,14.39,3.6513,0.080999908,8.01068,3.7988,0.340000108,1,60750166001
388,0.066860008,0.141000012,0.296,0.125484012,0.982000133,0.019000003,212.658,0.0,0.00588,4.6363,7.896,2.4557,0.121000011,5.77515,2.1589,0.502000061,1,60750204022
389,0.070745814,0.117999665,0.221002,0.190439454,0.979997249,0.027999918,156.295,0.0,0.00366337,5.9,5.44,3.0756,0.056999837,10.8429,2.1589,0.430998784,2,60750205003
390,0.171402014,0.161000009,0.746,0.277727024,0.80800005,0.149000014,148.971,0.0,0.00110774,8.2018,14.2815,4.4852,0.099000006,2.21852,0.5207,0.156000013,2,60750260021
391,0.051263005,0.250000012,0.129,0.112842019,0.988000074,0.005000012,178.648,0.0,0.00031427,7.9,30.47,3.8247,0.098000011,2.65701,0.3448,0.529000047,2,60750131021
392,0.162098313,0.086000165,0.491999,0.204373455,0.923001562,0.106000021,119.185,0.0,0.00107459,13.9,37.03,6.7351,0.057000101,4.19287,3.2195,0.259000422,2,60750253002
393,0.131896937,0.112999923,0.480001,0.217518883,0.956999388,0.026999978,106.901,0.0,0.0,13.9,37.03,6.7351,0.085999936,6.07441,3.2195,0.224999868,2,60750251002
394,0.089489821,0.141999716,0.186002,0.143990712,0.96499807,0.007999984,48.0991,0.0,0.00785419,0.0148,5.2073,0.0071,0.056999886,5.43634,0.3448,0.48499903,0,60750130001
395,0.172779,0.118,0.265,0.114711,0.958,0.017,8.5,0.0,0.0145976,0.0,5.16,0.0,0.056,6.095,0.3448,0.5,0,60750128001
396,0.274633228,0.201849193,0.330815,0.097028808,0.965495401,0.035795916,-5.2,0.0293414,0.00526343,4.0455,11.9391,2.5505,0.064631515,2.35738,0.3428,0.21875282,0,60750428002
397,0.157536842,0.180999819,0.6,0.193519806,0.866999133,0.152999847,147.817,0.0,0.00246893,3.6945,9.3876,2.2776,0.086999913,2.24383,4.6154,0.253999746,2,60750476002
398,0.072392,0.115,0.272,0.137145,0.983,0.025,27.712,0.0,0.011774,0.0,5.16,0.0,0.038,3.77797,0.3448,0.551,0,60750129022
399,0.117192,0.146,0.511,0.16156,0.897,0.08,129.982,0.0,0.00590752,3.1978,6.6854,1.9223,0.084,3.5791,3.0129,0.401,2,60750402004
400,0.116653,0.172,0.54,0.290542,0.914,0.086,174.01,0.0,0.000647165,4.3,12.69,2.7109,0.092,6.23053,4.6154,0.325,2,60750479021
401,0.066462,0.055,0.297,0.232256,0.97,0.077,256.262,0.0,0.00354937,6.4,14.39,3.6513,0.081,8.65052,3.7988,0.34,1,60750166002
402,0.07423505,0.110000049,0.273,0.175168105,0.972000629,0.027000034,107.993,0.0,0.0,6.0659,6.0952,3.1515,0.140000042,12.3153,2.1589,0.495000255,2,60750206002
403,0.096601,0.087,0.514,0.242551,0.942,0.056,233.632,0.0,0.00838558,4.3,8.28,2.8093,0.024,14.9966,3.7988,0.403,1,60750302022
404,0.156696193,0.220000205,0.718,0.24654825,0.804001042,0.175000123,154.284,0.0,0.000824116,4.3,8.28,2.8093,0.109000095,2.43704,1.8761,0.273000297,2,60750329021
405,0.144190032,0.269000036,0.471,0.164066027,0.89600023,0.07500001,388.737,0.0,0.00504166,3.6028,9.9106,1.9481,0.20600002,3.01344,0.2606,0.333000083,3,60750305003
406,0.108746,0.139,0.4,0.264266,0.91,0.159,171.334,0.0,0.00227976,3.1914,6.672,1.9184,0.116,6.90449,0.3448,0.384,2,60750401001
407,0.102118,0.135,0.551,0.386899,0.892,0.063,181.582,0.0,0.00143174,3.2159,6.7129,1.9364,0.077,6.71946,4.6154,0.379,2,60750451002
408,0.162424,0.173,0.884,0.276474,0.77,0.197,226.476,0.0,0.000651356,8.2,14.28,4.4834,0.09,2.50456,0.5207,0.065,1,60750262002
409,0.116653,0.172,0.54,0.290542,0.914,0.086,176.997,0.0,0.00111789,4.3,12.69,2.7109,0.092,3.42634,4.6154,0.325,2,60750479022
410,0.206786803,0.152999994,0.45,0.165313523,0.904999858,0.087000347,136.771,0.0,0.00708695,3.5872,8.8022,2.2008,0.092999959,4.36681,4.6154,0.271000604,2,60750426021
411,0.142917,0.179,0.656,0.216353,0.841,0.179,221.858,0.0,0.0063936,4.3,8.28,2.8093,0.097,3.31858,1.8761,0.159,1,60750327004
412,0.142916857,0.178999821,0.656,0.216352784,0.840999159,0.178999821,197.964,0.0,0.00255138,4.3,8.28,2.8093,0.096999903,4.89796,1.8761,0.158999841,1,60750327003
413,0.161644,0.171,0.675,0.209019,0.871,0.103,70.5641,0.0,0.00202843,4.3,8.28,2.8093,0.079,2.6087,1.8761,0.248,0,60750351003
414,0.149512159,0.114000107,0.319999,0.146593082,0.985001071,0.010000009,105.254,0.0,0.00315382,6.148,6.4193,3.1891,0.092000049,12.2869,2.1589,0.323000408,2,60750211002
415,0.102118,0.135,0.551,0.386899,0.892,0.063,174.806,0.0,0.000795806,3.2073,6.7006,1.9295,0.077,9.24094,4.6154,0.379,2,60750451001
416,0.131790605,0.165999502,0.876,0.245773263,0.791997624,0.190999427,326.966,0.0,0.00033243,8.2,14.28,4.4834,0.0999997,3.87597,0.5207,0.183999448,3,60750312021
417,0.187330003,0.215000003,0.536,0.079861003,0.933000016,0.074000002,186.806,0.0,0.0305904,4.8954,8.6361,2.7757,0.083000002,6.58241,0.2606,0.139000003,1,60750309003
418,0.119981,0.134,0.41,0.171367,0.912,0.1,209.846,0.0,0.00759228,4.3,8.28,2.8093,0.089,3.66667,3.1735,0.307,1,60750302012
419,0.134989,0.139,0.4,0.189221,0.961,0.027,165.685,0.0,0.0,12.0948,23.0903,5.4432,0.096,8.33333,1.4668,0.417,2,60750154002
420,0.122076405,0.1520017,0.629995,0.285717145,0.901010358,0.226002434,179.68,0.0,0.00147164,4.3,8.28,2.8093,0.114001244,2.56975,1.8761,0.273003129,2,60750326021
421,0.171856023,0.195000016,0.402,0.164746021,0.941000139,0.039000001,174.903,0.0,0.0075514,3.6,9.91,1.9474,0.109000005,3.33637,2.1589,0.391000039,2,60750217002
422,0.044489,0.074,0.227,0.203696,0.984,0.006,117.25,0.0,0.00519784,6.3956,14.3118,3.6463,0.037,3.71921,2.1589,0.415,2,60750167002
423,0.158293031,0.074000015,0.319,0.065807025,0.959000345,0.037000007,49.7524,0.0,0.000551421,9.9,14.55,4.6817,0.045000008,4.31699,17.613,0.27600011,0,60750227022
424,0.148567,0.11,0.368,0.120491,0.941,0.046,117.83,0.0,0.00321023,3.6,9.91,1.9474,0.074,11.3529,2.1589,0.493,2,60750215004
425,0.146477,0.187,0.782,0.21172,0.854,0.172,146.716,0.0,0.00131417,6.4,10.72,2.498,0.101,1.95094,1.8761,0.137,2,60750329011
426,0.126101874,0.122999877,0.662,0.197439803,0.896999201,0.118999881,183.671,0.0,0.00621245,4.3,8.28,2.8093,0.070999929,4.18871,1.8761,0.249999836,2,60750326011
427,0.152141668,0.09995586,0.156373,0.072847864,0.971570653,0.07096857,-7.2048,0.00576534,0.000897436,0.0138,5.2034,0.0067,0.064971256,3.73692,0.3448,0.544759281,0,60750126022
428,0.10615,0.138,0.218,0.118617,0.966,0.014,157.623,0.0,0.00235923,12.1,23.1,5.4453,0.054,5.48011,0.3448,0.465,2,60750134002
429,0.071817004,0.145000007,0.226,0.115893011,0.990000055,0.003000002,139.549,0.0,0.00322623,5.9727,6.7412,3.1593,0.068000003,4.29043,2.1589,0.505000024,2,60750170002
430,0.18733,0.215,0.536,0.079861,0.933,0.074,164.25,0.0,0.0109571,7.9984,13.8074,3.9492,0.083,0.0,0.2606,0.139,2,60750309006
431,0.161644,0.171,0.675,0.209019,0.871,0.103,57.4845,0.0,0.00217309,4.3,8.28,2.8093,0.079,0.34614,1.8761,0.248,0,60750351006
432,0.189861,0.1,0.509,0.275787,0.947,0.013,87.6911,0.0,0.000971765,13.9,37.03,6.7351,0.061,3.62845,3.2195,0.256,2,60750252003
433,0.095305953,0.10200102,0.416994,0.237743377,0.93800938,0.08300083,233.845,0.0,0.00247369,6.3981,14.3852,3.6502,0.09800098,2.1446,4.2073,0.3600036,1,60750165004
434,0.147014,0.14,0.699,0.294842,0.825,0.112,204.132,0.0,0.000555786,4.3,12.69,2.7109,0.112,1.91939,4.6154,0.418,1,60750478021
435,0.147013559,0.13999958,0.699001,0.294841115,0.824997525,0.111999664,168.612,0.0,8.71281e-07,4.3,12.69,2.7109,0.111999664,2.08189,4.6154,0.417998746,2,60750478023
436,0.085448101,0.087999931,0.383999,0.269931798,0.969000193,0.042999914,266.866,0.0,0.00357663,6.1371,13.65,3.5419,0.085999917,4.63641,3.7988,0.419999921,1,60750301011
437,0.115951,0.062,0.426,0.234762,0.971,0.011,125.534,0.0,0.000704304,6.438,14.5961,3.6902,0.081,7.67085,3.7988,0.48,2,60750168011
438,0.074234975,0.109999972,0.273,0.175167957,0.971999709,0.026999992,130.0,0.0,0.0,5.9,5.44,3.0756,0.1399999,11.9695,2.1589,0.494999804,2,60750206003
439,0.142916571,0.178999463,0.656001,0.216352351,0.840997477,0.178999463,155.826,0.0,0.00179593,4.3,8.28,2.8093,0.096999709,2.0432,1.8761,0.158999523,2,60750327002
440,0.138291,0.131,0.541,0.165101,0.941,0.069,150.792,0.0,0.00680764,5.4213,11.6387,2.9516,0.074,7.20723,0.2606,0.245,2,60750311002
441,0.074459851,0.126999746,0.264001,0.106866786,0.968998062,0.040999918,190.562,0.0,0.000433158,12.0845,23.1274,5.4393,0.083999832,4.27693,0.3448,0.633998732,1,60750135001
442,0.142916857,0.178999821,0.656,0.216352784,0.840999159,0.178999821,167.753,0.0,0.00265919,4.3,8.28,2.8093,0.096999903,1.62206,1.8761,0.158999841,2,60750327006
443,0.120602061,0.096000215,0.579,0.370135511,0.920000973,0.12900019,71.7572,0.0,0.0,8.0,13.81,3.9498,0.103000122,1.24193,0.2606,0.249000369,0,60750332032
444,0.138291,0.131,0.541,0.165101,0.941,0.069,188.638,0.0,0.00365498,8.2,14.28,4.4834,0.074,3.82593,0.2606,0.245,1,60750311003
445,0.142917,0.179,0.656,0.216353,0.84100045,0.179,148.324,0.0,0.00149762,4.3,8.28,2.8093,0.097,4.22915,1.8761,0.159000395,2,60750327001
446,0.172778827,0.117999882,0.265001,0.114710885,0.957999042,0.016999983,18.9713,0.0,0.00399551,0.0,5.159,0.0,0.055999944,5.20833,0.3448,0.4999995,0,60750128003
447,0.071817,0.145,0.226,0.115893,0.99,0.003,185.614,0.0,0.00248101,6.1347,9.6406,3.3458,0.068,8.13872,2.1589,0.505,2,60750170001
448,0.18733,0.215,0.536,0.079861,0.933,0.074,162.777,0.0,0.00614731,4.8757,8.6029,2.7669,0.083,5.65709,0.2606,0.139,2,60750309004
449,0.174831018,0.159000022,0.644,0.225606006,0.855000099,0.115000005,169.073,0.0,0.00268338,6.4,10.72,2.498,0.079000009,4.09357,1.8761,0.230000022,2,60750330002
450,0.129898,0.184,0.514,0.128288,0.909,0.127,354.595,0.0,0.00261687,4.3034,8.2951,2.8044,0.078,8.48564,0.2606,0.292,3,60750303013
451,0.128435,0.235,0.197,0.071505,0.994,0.015,131.15,0.0,0.0,7.9465,16.9691,3.5767,0.069,6.4568,0.3448,0.47,2,60750132001
452,0.062136,0.086,0.221,0.088034,0.981,0.021,165.136,0.0,0.00312893,5.9,5.44,3.0756,0.08,9.92066,2.1589,0.45,2,60750204013
453,0.183569129,0.129000124,0.837,0.223796322,0.787000576,0.146000265,224.035,0.0,0.000972526,8.2208,14.2975,4.5043,0.095000088,4.37243,0.5207,0.160000125,1,60750263021
454,0.173466142,0.099000146,0.465999,0.274542199,0.937001008,0.118000028,202.94,0.0,0.00319273,3.2,6.69,1.9236,0.096000101,6.08614,4.6154,0.409000437,1,60750156001
455,0.127785617,0.04999985,0.236001,0.158630524,0.999997957,0.0,258.694,0.0,0.00617453,6.4,14.3899,3.6513,0.041999874,10.4559,3.7988,0.35699977,1,60750171023
456,0.071816739,0.144999442,0.226003,0.115892555,0.989996239,0.002999988,227.671,0.0,0.00228516,6.0894,8.8294,3.2936,0.067999741,9.37082,2.1589,0.504998068,1,60750170003
457,0.174006,0.212,0.485,0.057373,0.958,0.053,182.924,0.0,0.0340274,6.1983,10.7071,3.0678,0.09,2.25919,0.2721,0.212,2,60750308004
458,0.174831012,0.159000011,0.644,0.225606007,0.855000056,0.115000007,71.9109,0.0,0.000533857,7.0757,12.025,3.1111,0.079000004,0.874891,1.8761,0.230000009,0,60750330004
459,0.191754022,0.174000032,0.67,0.118961265,0.916000407,0.109000072,58.2001,0.0,0.000876084,8.0,13.81,3.9498,0.064000041,4.89215,0.2606,0.143000145,0,60750331004
460,0.191506051,0.173000049,0.578,0.150374063,0.936000349,0.107000027,259.177,0.0,0.00569183,8.1977,14.276,4.4822,0.096000028,5.57621,0.2606,0.17400009,1,60750310002
461,0.136478,0.175,0.803,0.24805,0.84,0.208,301.492,0.0,0.000260958,5.8774,10.1128,2.5755,0.115,2.24888,1.8761,0.274,1,60750328021
462,0.119981,0.134,0.41,0.171367,0.912,0.1,208.125,0.0,0.00333226,4.3,8.28,2.8093,0.089,3.99315,3.1704,0.307,1,60750302011
463,0.085447829,0.087999824,0.384001,0.26993146,0.968998062,0.042999914,265.222,0.0,0.00233558,4.2903,8.3133,2.7956,0.085999828,10.3751,3.7988,0.41999916,1,60750301012
464,0.062136013,0.086000027,0.221,0.088034024,0.981000185,0.021000004,363.203,0.0,0.00882134,5.5252,6.1685,2.8918,0.080000023,19.0204,2.1589,0.450000095,3,60750204012
465,0.1733328,0.13399986,0.87,0.383138459,0.799999104,0.182999746,285.138,0.0,0.0,8.0011,13.8127,3.9528,0.114999867,2.29885,0.5207,0.214999746,1,60750313021
466,0.174113,0.152,0.819,0.267079,0.833,0.133,210.088,0.0,0.000617781,7.7683,13.4238,3.8621,0.115,3.17461,0.5141,0.208,1,60750313012
467,0.191506003,0.173000004,0.578,0.150374009,0.936000022,0.107000005,238.002,0.0,0.00393255,7.7423,13.4994,4.2503,0.096000003,4.06752,0.2606,0.174000004,1,60750310003
468,0.161644181,0.171000148,0.675,0.209019256,0.871000995,0.103000131,67.2432,0.0,0.000746444,4.3,8.28,2.8093,0.079000096,2.06825,1.8761,0.248000287,0,60750351005
469,0.136478,0.175,0.803,0.24805,0.84,0.208,269.71,0.0,0.000191973,4.3032,8.2837,2.8088,0.115,3.01432,1.8761,0.274,1,60750328023
470,0.14419,0.269,0.471,0.164066,0.896,0.075,546.313,0.0,0.00102694,3.6,9.91,1.9474,0.206,4.44984,0.2606,0.333,3,60750305002
471,0.138291,0.131,0.541,0.165101,0.941,0.069,229.903,0.0,0.0108242,4.347,8.8648,2.4565,0.074,8.13481,0.4187,0.245,1,60750311005
472,0.172779,0.118,0.265,0.114711,0.958,0.017,7.51802,0.0,0.00421188,0.0,5.16,0.0,0.056,3.58852,0.3448,0.5,0,60750128004
473,0.147731,0.097,0.306,0.070252,0.964,0.006,140.641,0.0,0.0144426,5.8927,5.4541,3.072,0.042,7.98403,2.1589,0.363,2,60750214003
474,0.062135994,0.086000005,0.221,0.088033993,0.980999693,0.020999989,244.202,0.0,0.00303996,5.9019,5.4743,3.0778,0.079999994,14.6359,2.1589,0.449999884,1,60750204011
475,0.128435157,0.235000069,0.196999,0.071505097,0.99400069,0.015000024,89.6296,0.0,0.000327178,6.2567,14.4329,2.8157,0.069000057,3.87597,0.3448,0.470000234,2,60750132003
476,0.206787,0.153,0.45,0.165313,0.905,0.087,121.003,0.0,0.00300959,3.5867,8.7993,2.2004,0.093,2.70782,4.6154,0.271,2,60750426023
477,0.072392,0.115,0.272,0.137145,0.983,0.025,11.8385,0.0,0.00106793,0.0,5.16,0.0,0.038,4.17101,0.3448,0.551,0,60750129023
478,0.096601052,0.087000074,0.514,0.242551051,0.942000364,0.056000051,257.249,0.0,0.00550633,4.3,8.28,2.8093,0.024000031,7.11308,1.5125,0.403000117,1,60750302023
479,0.066860081,0.141000063,0.296,0.125484063,0.982000472,0.019000012,529.939,0.0,0.00177192,4.1626,8.8166,2.2234,0.121000037,6.6576,2.1589,0.502000152,3,60750204021
480,0.147731,0.097,0.306,0.070252,0.964,0.006,130.658,0.0,0.00332617,6.1515,6.4329,3.1906,0.042,14.0536,2.1589,0.363,2,60750214001
481,0.161643986,0.17099995,0.675,0.209018999,0.870999939,0.103000003,74.054,0.0,0.000667481,4.3,8.28,2.8093,0.078999999,1.13895,1.8761,0.247999986,0,60750351004
482,0.061339,0.097,0.495,0.242024,0.933,0.05,218.313,0.0,0.00245246,5.0637,11.1745,2.9298,0.081,1.67112,4.6154,0.342,1,60750157004
483,0.106149682,0.137999586,0.218002,0.118616644,0.965997102,0.013999958,154.027,0.0,0.0,12.1,23.1,5.4453,0.053999838,7.01754,0.3448,0.464998605,2,60750134001
484,0.14419,0.269,0.471,0.164066,0.896,0.075,558.279,0.0,0.0005607,4.3565,8.4397,2.3185,0.206,2.46305,0.2606,0.333,3,60750305001
485,0.196989803,0.16999983,0.289001,0.178377822,0.957999042,0.063999936,168.182,0.0,0.00113706,5.121,10.2302,2.6822,0.117999882,7.57576,0.3448,0.378999621,2,60750133001
486,0.129898093,0.184000088,0.514,0.128288106,0.909000502,0.127000061,286.224,0.0,0.00682375,4.3,8.28,2.8093,0.078000042,2.98832,0.2606,0.292000129,1,60750303011
487,0.149512,0.114,0.32,0.146593,0.985,0.01,105.64,0.0,0.00119807,6.1609,6.4702,3.1949,0.092,6.58288,2.1589,0.323,2,60750211001
488,0.097347098,0.149000076,0.455,0.131719081,0.946000612,0.00900003,185.235,0.0,0.00223578,3.6,9.91,1.9474,0.08100005,6.27884,2.1589,0.367000316,2,60750216001
489,0.174113,0.152,0.819,0.267079,0.833,0.133,260.54,0.0,0.000700669,8.0107,13.8353,3.9791,0.115,1.49142,0.5207,0.208,1,60750313013
490,0.276198632,0.202999594,0.327001,0.09758224,0.970999113,0.036000151,32.0,0.0,0.0348313,3.8325,10.6475,2.3936,0.064999947,1.98117,0.3448,0.220000167,0,60750428003
491,0.126102,0.123,0.662,0.19744,0.897,0.119,205.0,0.0,0.00437383,4.3,8.28,2.8093,0.071,1.09722,1.8761,0.25,1,60750326013
492,0.12610187,0.12299989,0.662,0.197439779,0.896999134,0.118999864,193.136,0.0,0.00324452,4.3,8.28,2.8093,0.070999949,2.8169,1.8761,0.249999812,1,60750326012
493,0.061338739,0.096999528,0.495003,0.242022698,0.932995165,0.049999721,207.061,0.0,0.000816212,3.2076,6.7084,1.9277,0.08099959,4.79767,4.6153,0.341998279,1,60750157003
494,0.149511862,0.113999878,0.32,0.146592783,0.98499908,0.009999987,168.751,0.0,0.00301669,5.9,5.44,3.0756,0.091999862,11.8932,2.1589,0.322999749,2,60750211003
495,0.085448,0.088,0.384,0.269932,0.969,0.043,271.849,0.0,0.00171859,4.273,8.3428,2.7761,0.086,7.91936,3.2619,0.42,1,60750301014
496,0.161644,0.171,0.675,0.209019,0.871,0.103,68.7302,0.0,0.0,4.3,8.28,2.8093,0.079,2.74863,1.8761,0.248,0,60750351002
497,0.171856,0.195,0.402,0.164746,0.941,0.039,206.399,0.0,0.000948892,3.6,9.91,1.9474,0.109,5.78496,2.1589,0.391,1,60750217003
498,0.08949,0.142,0.186,0.143991,0.965,0.008,33.4361,0.0,0.000497877,0.0,5.16,0.0,0.057,6.86912,0.3448,0.485,0,60750130004
499,0.185419,0.208,0.723,0.222082,0.847,0.17,267.323,0.0,0.00128254,6.4,10.72,2.498,0.11,0.272331,1.8761,0.161,1,60750328013
500,0.138291072,0.131000065,0.541,0.165101057,0.941000353,0.06900004,236.433,0.0,0.002537,8.198,14.2766,4.4824,0.074000036,5.35046,0.2606,0.245000066,1,60750311004
501,0.12778587,0.050000003,0.236001,0.158630773,0.999998952,0.0,274.183,0.0,0.00457909,6.3987,14.3879,3.6505,0.041999979,7.55735,3.7988,0.356999708,1,60750171021
502,0.142917,0.179,0.656,0.216353,0.841,0.179,233.043,0.0,0.0010317,4.3,8.28,2.8093,0.097,2.93501,1.8761,0.159,1,60750327005
503,0.246477964,0.029775797,0.22186,0.099742931,0.992526102,0.006947695,-6.75712,0.0555552,0.00136021,0.0184,0.0511,0.0114,0.046648733,0.193517,0.3422,0.286840058,0,60750601001
504,0.174831,0.159,0.644,0.225606,0.855,0.115,194.06,0.0,0.000418086,6.4,10.72,2.498,0.079,5.44323,1.8761,0.23,1,60750330001
505,0.08949,0.142,0.186,0.143991,0.965,0.008,44.7525,0.0,0.000815384,0.0,5.16,0.0,0.057,4.18679,0.3448,0.485,0,60750130002
506,0.172778482,0.117999646,0.265002,0.114710656,0.957997126,0.016999949,58.246,0.0,0.00425406,0.0,5.1596,0.0,0.055999832,3.61882,0.3448,0.4999985,0,60750128002
507,0.106149682,0.137999586,0.218002,0.118616644,0.965997102,0.013999958,209.286,0.0,0.00052696,12.1,23.1,5.4453,0.053999838,6.32467,0.3448,0.464998605,1,60750134003
508,0.069901908,0.060999977,0.302001,0.078558104,1.000998805,0.031000065,113.849,0.0,0.00138895,5.1874,21.7793,2.5114,0.03299999,4.64723,0.3448,0.589999233,2,60750131011
509,0.044489044,0.074000036,0.227,0.203696059,0.984000399,0.006000011,153.545,0.0,0.0,6.4,14.3895,3.6512,0.037000029,5.83591,2.451,0.415000163,2,60750167003
510,0.196989606,0.16999966,0.289001,0.178377643,0.957998084,0.063999872,217.087,0.0,0.0052506,4.4642,9.0209,2.4238,0.117999764,3.93224,0.3448,0.378999242,1,60750133003
511,0.134989188,0.139000162,0.399999,0.18922117,0.961000915,0.027000061,181.866,0.0,0.00448036,3.2,6.69,1.9236,0.096000113,4.00534,0.3448,0.417000362,2,60750154005
512,0.134989014,0.139000023,0.4,0.189221057,0.96100022,0.027000012,201.878,0.0,0.00343072,3.2139,6.7156,1.9291,0.096000019,5.23062,0.3448,0.417000081,1,60750154003
513,0.130177745,0.106999795,0.195002,0.093898837,0.985998149,0.0,272.334,0.0,0.00256959,6.4,14.39,3.6513,0.064999875,4.69484,3.7988,0.436999177,1,60750171013
514,0.173466,0.099,0.466,0.274542,0.937,0.118,211.191,0.0,0.00112904,3.2004,6.6906,1.924,0.096,6.42711,4.6154,0.409,1,60750156002
515,0.173466149,0.099000197,0.465999,0.274542563,0.937001299,0.118000092,193.958,0.0,0.000810368,3.2,6.69,1.9236,0.096000112,5.98578,4.6154,0.409000552,1,60750156003
516,0.185419,0.208,0.723,0.222082,0.847,0.17,359.439,0.0,0.000298359,6.4,10.72,2.498,0.11,2.57018,1.8761,0.161,3,60750328011
517,0.141026063,0.124000052,0.378,0.085751046,0.982000479,0.041,359.891,0.0,0.00603601,6.2139,11.179,3.441,0.038000032,3.59195,3.463,0.347000212,3,60750301023
518,0.171856017,0.195000027,0.402,0.16474602,0.941000133,0.039000004,215.753,0.0,0.00242836,3.6028,9.9059,1.9494,0.109000017,2.40385,2.1589,0.39100005,1,60750217001
519,0.134989,0.139,0.4,0.189221,0.961,0.027,169.892,0.0,0.0,7.4975,14.6139,3.6241,0.096,5.38358,0.3448,0.417,2,60750154001
520,0.189861033,0.100000018,0.509,0.275787042,0.947000188,0.013000022,192.43,0.0,0.0,13.9,37.03,6.7351,0.061000012,4.64171,3.2195,0.256000053,1,60750252004
521,0.137712098,0.099000048,0.241,0.134181028,0.989000369,0.013000018,187.08,0.0,0.0048277,5.8649,5.5083,3.0584,0.042000048,5.8789,2.1589,0.399999994,1,60750212002
522,0.069901736,0.060999791,0.302003,0.078557757,1.000996242,0.030999916,178.805,0.0,0.000363136,7.9,30.47,3.8247,0.032999894,5.74454,0.3448,0.58999778,2,60750131012
523,0.147730852,0.096999903,0.306001,0.07025193,0.963999036,0.005999994,114.937,0.0,0.00117124,4.9041,8.1834,2.5826,0.041999958,11.5691,2.1589,0.362999637,2,60750214002
524,0.191754,0.174,0.67,0.118961,0.916,0.109,106.816,0.0,0.000674156,8.0,13.81,3.9498,0.064,1.26024,0.2606,0.143,2,60750331002
525,0.127786281,0.050000247,0.235999,0.158631171,1.000001959,0.0,295.379,0.0,0.00787564,6.3943,14.3809,3.6478,0.042000076,2.54066,3.7988,0.357000692,1,60750171022
526,0.187330457,0.215000489,0.535998,0.079862982,0.933004055,0.074000663,140.504,0.0,0.000851071,8.0,13.81,3.9498,0.08300047,1.67168,0.2606,0.139001225,2,60750309007
527,0.174006112,0.212000106,0.485,0.057373035,0.958000526,0.05300002,330.316,0.0,0.0165281,4.7,8.31,2.7004,0.090000037,1.54499,0.2606,0.212000118,3,60750308001
528,0.09734705,0.149000037,0.455,0.131719037,0.946000283,0.009000008,357.744,0.0,0.00246816,3.6018,9.9065,1.9483,0.081000022,5.39745,2.1589,0.36700009,3,60750216002
529,0.130178007,0.107000014,0.195,0.093899011,0.986000098,0.0,323.197,0.0,0.00252509,6.4,14.39,3.6513,0.065000007,5.55556,2.9863,0.43700005,3,60750171011
530,0.085448,0.088,0.384,0.269932,0.969,0.043,255.156,0.0,0.00054028,4.3,8.28,2.8093,0.086,6.36132,3.7988,0.42,1,60750301013
531,0.18733,0.215,0.536,0.079861,0.933,0.074,240.592,0.0,0.0028846,4.7029,8.3148,2.7015,0.083,4.34593,0.2606,0.139,1,60750309005
532,0.19699,0.17,0.289,0.178378,0.958,0.064,168.61,0.0,0.000223496,3.1988,6.6874,1.9229,0.118,10.3761,0.3448,0.379,2,60750133004
533,0.08949,0.142,0.186,0.143991,0.965,0.008,43.0755,0.0,0.0,0.0,5.16,0.0,0.057,4.72814,0.3448,0.485,0,60750130003
534,0.060841974,0.091999968,0.229001,0.060512061,0.985999329,0.018999995,39.6192,0.0,0.0,0.0085,5.1871,0.0041,0.04999995,6.6718,0.3448,0.500999727,0,60750129012
535,0.148567,0.11,0.368,0.120491,0.941,0.046,112.823,0.0,0.0,3.6,9.91,1.9474,0.074,7.41489,2.1589,0.493,2,60750215005
536,0.180815184,0.127064802,0.839445,0.22043873,0.775193713,0.143809807,254.364,0.0,0.0,8.1779,14.2416,4.4714,0.093574845,0.839631,0.5207,0.157599737,1,60750263022
537,0.191754034,0.174000053,0.67,0.118961538,0.916000789,0.109000142,147.244,0.0,0.000174634,8.0,13.81,3.9498,0.064000077,4.40529,0.2606,0.143000277,2,60750331001
538,0.164463836,0.10999989,0.263001,0.148654851,0.980999019,0.004999995,103.983,0.0,0.00319743,3.603,9.918,1.9489,0.035999964,3.31825,2.1589,0.274999725,2,60750218001
539,0.129898087,0.184000083,0.514,0.128288099,0.90900047,0.127000057,375.616,0.0,0.000934215,4.7878,8.8468,2.737,0.078000039,2.68007,0.2606,0.292000121,3,60750303014
540,0.129898026,0.184000023,0.514,0.128288065,0.909000253,0.127000015,294.412,0.0,0.000456828,4.3,8.28,2.8093,0.078000006,7.32197,0.2606,0.292000108,1,60750303012
541,0.191506,0.173,0.578,0.150374,0.936,0.107,373.199,0.0,0.00188543,4.7343,8.3685,2.7178,0.096,4.9505,0.2606,0.174,3,60750310001
542,0.141026027,0.124000046,0.378,0.08575103,0.982000163,0.041000014,347.912,0.0,0.0346526,3.6001,9.9097,1.9476,0.038000034,4.6195,0.2606,0.347000057,3,60750301022
543,0.172000452,0.162998533,0.582004,0.195120244,0.926991657,0.112998983,331.246,0.0,0.00262715,4.3169,8.2997,2.8068,0.076999307,2.28659,0.2606,0.238997849,3,60750303021
544,0.174006132,0.212000152,0.485,0.057373056,0.958000659,0.053000052,266.038,0.0,0.00262246,4.7003,8.3105,2.7005,0.090000059,2.39121,0.2606,0.212000098,1,60750308003
545,0.174006104,0.212000083,0.485,0.057373089,0.958000499,0.053000052,287.694,0.0,0.00205504,6.1501,10.3658,2.5277,0.090000037,3.58209,0.2606,0.212000099,1,60750308005
546,0.164463836,0.10999989,0.263001,0.148654851,0.980999019,0.004999995,159.069,0.0,0.00199889,3.6227,9.9697,1.958,0.035999964,7.33653,2.1589,0.274999725,2,60750218002
547,0.170221,0.106,0.252,0.116908,0.979,0.022,186.808,0.0,0.00237124,5.5662,6.0888,2.9119,0.065,7.27273,2.1589,0.284,1,60750213001
548,0.187330009,0.215000008,0.536,0.079861007,0.933000044,0.074000005,238.884,0.0,0.00221067,4.72,8.3441,2.7105,0.083000004,3.06513,0.2606,0.139000008,1,60750309002
549,0.195712062,0.154000059,0.539,0.16022907,0.933000335,0.095000041,382.862,0.0,0.00997721,6.3782,10.7049,2.4967,0.067000028,1.89394,0.2606,0.179000086,3,60750304001
550,0.119980745,0.133999746,0.410002,0.171366589,0.911997997,0.099999802,245.002,0.0,0.000970956,4.3,8.28,2.8093,0.088999796,2.46305,0.3784,0.306999315,1,60750302013
551,0.164464117,0.11000013,0.263,0.148655117,0.981000666,0.005000031,145.457,0.0,0.00339046,3.6059,9.9156,1.9507,0.036000073,4.09417,2.1589,0.275000259,2,60750218004
552,0.19699,0.17,0.289,0.178378,0.958,0.064,237.011,0.0,0.0,5.1515,10.2881,2.6958,0.118,5.1282,0.3448,0.379,1,60750133002
553,0.134989,0.139,0.4,0.189221,0.961,0.027,216.174,0.0,0.00119507,3.2,6.69,1.9236,0.096,4.07,0.3448,0.417,1,60750154004
554,0.172002,0.163,0.582,0.195122,0.927,0.113,378.977,0.0,0.00178957,6.3981,10.7178,2.4983,0.077,2.16451,0.2606,0.239,3,60750303023
555,0.137712,0.099,0.241,0.134181,0.989,0.013,253.404,0.0,0.0014446,5.9,5.44,3.0756,0.042,6.63544,2.1589,0.4,1,60750212001
556,0.138291,0.131,0.541,0.165101,0.941,0.069,146.231,0.0,0.000514316,3.6001,9.9101,1.9475,0.074,4.12305,1.438,0.245,2,60750311001
557,0.137712,0.099,0.241,0.134181,0.989,0.013,273.354,0.0,0.000840903,5.8979,5.444,3.0746,0.042,14.8055,2.1589,0.4,1,60750212003
558,0.19699,0.17,0.289,0.178378,0.958,0.064,191.644,0.0,0.000353245,3.2,6.69,1.9236,0.118,3.53535,0.3448,0.379,1,60750133005
559,0.174006195,0.212000207,0.484999,0.057373109,0.958000996,0.053000046,357.532,0.0,0.00239087,4.7,8.31,2.7004,0.090000104,0.43802,0.2606,0.212000181,3,60750308002
560,0.211645102,0.201000101,0.389,0.066298071,0.993000537,0.037000009,433.669,0.0,0.0056733,4.6997,8.3104,2.7002,0.069000063,3.21395,0.2606,0.222000113,3,60750306002
561,0.130178,0.107,0.195,0.093899,0.986,0.0,304.051,0.0,0.0,6.4,14.389,3.6512,0.065,5.44465,2.9093,0.437,1,60750171012
562,0.172002064,0.163000071,0.582,0.195122058,0.927000378,0.113000047,496.6,0.0,0.000930043,6.3991,10.719,2.4981,0.07700003,2.89017,0.2606,0.239000103,3,60750303022
563,0.175235048,0.172000049,0.483,0.120782028,0.919000241,0.015000009,354.045,0.0,0.00107277,4.6267,8.4166,2.6502,0.108000022,4.07786,0.2606,0.194000075,3,60750307001
564,0.175235008,0.17200001,0.483,0.120782003,0.919000045,0.015000002,344.05,0.0,0.00212204,4.7,8.31,2.7004,0.108000004,3.35008,0.2606,0.19400001,3,60750307003
565,0.149512,0.114,0.32,0.146593,0.985,0.01,244.863,0.0,0.000645516,5.9,5.44,3.0756,0.092,4.0209,2.1589,0.323,1,60750211004
566,0.187330145,0.215000177,0.536,0.079861048,0.9330008,0.074000044,358.962,0.0,0.00154317,4.7,8.31,2.7004,0.083000075,2.8399,0.2606,0.139000177,3,60750309001
567,0.276199,0.203,0.327,0.097582,0.971,0.036,55.3479,0.0,0.000801902,4.2986,12.6859,2.71,0.065,2.1446,0.3448,0.22,0,60750428001
568,0.175235006,0.172000007,0.483,0.120782006,0.919000032,0.015000001,231.397,0.0,0.000982907,4.1549,9.1029,2.3272,0.108000004,3.924,0.6863,0.194000013,1,60750307002
569,0.164463671,0.10999978,0.263001,0.148654703,0.980998038,0.00499999,181.308,0.0,0.000921498,3.6004,9.9108,1.9477,0.035999928,4.83091,2.1589,0.27499945,2,60750218003
570,0.195712028,0.154000031,0.539,0.160229033,0.933000126,0.095000025,331.071,0.0,0.00124983,6.4,10.72,2.498,0.067000016,2.79441,0.2606,0.179000024,3,60750304005
571,0.170221,0.106,0.252,0.116908,0.979,0.022,254.721,0.0,0.00184591,5.6062,6.011,2.9315,0.065,1.64667,2.1589,0.284,1,60750213002
572,0.195712,0.154,0.539,0.160229,0.933,0.095,411.6,0.0,0.00245594,6.3996,10.7193,2.4981,0.067,0.963391,0.2606,0.179,3,60750304002
573,0.195712,0.154,0.539,0.160229,0.933,0.095,409.544,0.0,0.000719568,6.4,10.72,2.498,0.067,3.1561,0.2765,0.179,3,60750304003
574,0.211644815,0.200999849,0.389001,0.066297964,0.992999172,0.036999977,451.841,0.0,0.00123101,4.8831,8.6426,2.6581,0.068999969,2.6178,0.2606,0.221999839,3,60750306001
575,0.19571163,0.153999716,0.539001,0.160228705,0.93299823,0.094999829,369.596,0.0,0.00101582,6.4,10.72,2.498,0.066999878,1.6835,0.2606,0.17899966,3,60750304004
576,0.141026,0.124,0.378,0.085751,0.982,0.041,310.471,0.0,0.00108568,3.733,9.9596,2.0518,0.038,1.41954,1.5903,0.347,1,60750301021
577,0.211645,0.201,0.389,0.066298,0.993,0.037,432.218,0.0,0.000198737,4.7088,8.3225,2.6993,0.069,2.1589,0.2606,0.222,3,60750306003
