,GEOID,Children,Elderly,NonWhite,Poverty,Education,English,Elevation,SeaLevelRise,Precipitation,Diabetes,MentalHealth,Asthma,Disability,HousingQuality,Homeless,LivAlone,FloodHealthIndex,FloodHealthIndex_Quintiles,K_means_labels
0,60750101001,0.057516658,0.19751667,0.557799,0.327556339,0.87850698,0.18474196,-7.52577,0.228203,0.00314665,5.1173,22.3352,4.0437,0.12971244,4.54545,4.8488,0.51688442,81.1858,5,0
1,60750101002,0.058531017,0.201000034,0.55,0.333333054,0.894000142,0.188000016,-4.97354,0.0902349,0.0029272,5.787,21.339,4.5737,0.132000013,2.75755,4.9374,0.52600006,74.1993,5,0
2,60750102001,0.060648641,0.185777831,0.164988,0.159466637,0.984227315,0.009881887,-6.44932,0.0776233,0.000758237,7.6793,29.5442,3.7997,0.036562704,9.29325,0.3408,0.574132504,57.1994,4,0
4,60750102003,0.061374,0.188,0.155,0.161374,0.996,0.01,-2.13881,0.0,0.00206312,7.7003,29.8302,3.728,0.037,6.82594,0.3448,0.581,54.5328,4,0
5,60750103001,0.103083,0.205,0.434,0.323516,0.853,0.097,12.9121,0.0,0.000997978,6.4012,20.4383,5.0572,0.077,6.3063,3.0599,0.36,58.2129,4,0
6,60750103002,0.103083,0.205,0.434,0.323516,0.853,0.097,39.3251,0.0,0.00252754,6.4,20.43,5.0582,0.077,4.2838,3.7836,0.36,58.8862,4,0
7,60750103003,0.103083,0.205,0.434,0.323516,0.853,0.097,94.9719,0.0,0.00129685,6.4036,20.4544,5.0552,0.077,6.39422,4.0278,0.36,56.8663,4,2
8,60750104001,0.08983914,0.142000279,0.434999,0.173963441,0.950001161,0.083000132,2.67431,0.0,0.0208879,6.4,20.43,5.0582,0.077000105,8.53414,4.9374,0.48500049,66.4993,5,0
9,60750104002,0.089839,0.142,0.435,0.173963,0.95,0.083,9.67952,0.0,0.000446427,6.4,20.43,5.0582,0.077,5.0875,4.9374,0.485,52.5196,4,0
10,60750104003,0.089839048,0.142000092,0.435,0.173963296,0.950000386,0.083000171,-0.671813,0.00110015,0.000293607,5.9398,21.1124,4.6945,0.077000071,10.4167,4.9374,0.485000245,60.1661,4,0
11,60750104004,0.089838965,0.142000025,0.435001,0.173963931,0.949999045,0.083000591,14.5361,0.0,0.0,5.6022,21.6131,4.4277,0.077000117,16.4557,4.9374,0.484999751,51.8263,4,0
12,60750105001,0.086091891,0.266669311,0.408605,0.1714292,0.943674898,0.045265076,-9.12355,0.215732,0.000270616,0.0005,29.9187,0.0004,0.073801522,2.31711,4.8573,0.541210861,63.8726,5,0
13,60750105002,0.086156565,0.266869689,0.40816,0.17155782,0.944383881,0.045298914,-5.6175,0.503456,0.00432662,0.0,29.377,0.0,0.073856925,0.743216,4.8628,0.54161745,69.8791,5,0
14,60750106001,0.093673,0.18,0.713,0.579421,0.756,0.335,83.3807,0.0,0.0,6.4,20.43,5.0582,0.139,15.3509,4.9374,0.481,63.8264,5,2
15,60750106002,0.0936731,0.180000157,0.712999,0.579421193,0.756001053,0.335000092,11.3461,0.0,0.0,6.3905,20.4441,5.0507,0.139000085,14.038,4.9374,0.481000537,66.8263,5,0
16,60750106003,0.093673,0.18,0.713,0.579421,0.756,0.335,55.8844,0.0,0.0,6.4,20.43,5.0582,0.139,13.6649,4.9374,0.481,65.1597,5,2
17,60750107001,0.094332847,0.242999529,0.798,0.559215729,0.539999453,0.608998295,34.0034,0.0,0.00129861,6.4,20.43,5.0582,0.186999536,15.4142,4.9374,0.407999229,69.8329,5,0
18,60750107002,0.094333,0.243,0.798,0.559217,0.54,0.609,81.3358,0.0,0.0,6.4,20.43,5.0582,0.187,17.1603,4.9374,0.408,63.1664,5,2
19,60750107003,0.094333,0.243,0.798,0.559217,0.54,0.609,32.079,0.0,0.00115145,6.4,20.43,5.0582,0.187,19.2351,4.9374,0.408,69.8329,5,0
20,60750107004,0.094333,0.243,0.798,0.559217,0.54,0.609,61.4258,0.0,0.0,6.4,20.43,5.0582,0.187,9.51391,4.9374,0.408,63.8397,5,2
21,60750108001,0.093325,0.174,0.573,0.267211,0.828,0.185,139.905,0.0,0.000530965,6.902,23.7902,4.6454,0.096,8.24098,4.9374,0.423,56.8464,4,1
22,60750108002,0.093325,0.174,0.573,0.267211,0.828,0.185,140.934,0.0,0.0,7.1205,25.2484,4.4652,0.096,5.64617,4.9374,0.423,51.8598,4,1
23,60750108003,0.093325,0.174,0.573,0.267211,0.828,0.185,165.258,0.0,0.0,6.693,17.5053,4.2313,0.096,9.22722,4.9374,0.423,53.8398,4,1
26,60750109003,0.063924,0.145,0.355,0.16519,0.955,0.078,86.2689,0.0,0.00463633,7.8368,30.2676,3.7941,0.077,7.57135,3.179,0.54,55.8462,4,2
27,60750110001,0.049595,0.103,0.538,0.272864,0.844,0.133,140.196,0.0,0.00632962,7.9,30.47,3.8247,0.059,8.8632,4.9374,0.432,60.1662,4,1
30,60750111001,0.060557,0.144,0.455,0.221957,0.881,0.149,158.284,0.0,0.000548748,7.9,30.47,3.8247,0.127,6.17844,4.9374,0.563,54.8331,4,1
31,60750111002,0.060557041,0.144000154,0.455,0.221957265,0.881000877,0.149000087,151.668,0.0,0.000184353,7.9,30.47,3.8247,0.127000105,10.223,4.8521,0.563000518,56.1531,4,1
32,60750111003,0.060557,0.144,0.455,0.221957,0.881,0.149,145.4,0.0,0.00124836,7.9,30.47,3.8247,0.127,11.2534,4.811,0.563,59.4797,4,1
33,60750112001,0.060428819,0.203999388,0.490002,0.29012213,0.8999973,0.102999691,152.28,0.0,0.0,6.545,10.7416,3.6605,0.10999967,8.59342,4.9374,0.496998509,53.1598,4,1
34,60750112002,0.060429,0.204,0.49,0.290123,0.9,0.103,219.975,0.0,0.0,7.0685,18.364,3.7239,0.11,15.4545,4.9374,0.497,53.1532,4,1
35,60750112003,0.060429,0.204,0.49,0.290123,0.9,0.103,180.227,0.0,0.000393869,6.7009,13.011,3.6794,0.11,10.3627,4.9374,0.497,54.1598,4,1
36,60750113001,0.10039173,0.311999169,0.811001,0.567842445,0.49699897,0.486998592,82.2489,0.0,0.00192379,6.4,15.497,4.4665,0.229999366,10.2083,4.9374,0.391999079,66.8396,5,2
37,60750113002,0.100391398,0.311998128,0.811001,0.567840593,0.496997018,0.486997078,93.1945,0.0,0.0,6.4,8.6307,3.643,0.22999862,7.07447,4.9374,0.391997648,58.8464,4,2
38,60750117001,0.027149001,0.103000001,0.697,0.378595003,0.862000015,0.171000001,-1.99906,0.106609,0.00532113,1.4068,98.5924,0.8008,0.187000001,39.5622,4.9374,0.635000007,83.4791,5,0
39,60750117002,0.027150003,0.103000547,0.696999,0.378597086,0.862001006,0.170999606,2.20918,0.0,0.000200808,6.1773,58.0441,4.1035,0.187000522,36.6636,4.9376,0.635000504,68.4729,5,0
40,60750118001,0.143678,0.205,0.933,0.72931,0.547,0.643,28.3231,0.0,0.0,6.376,9.1248,3.6293,0.156,9.21558,4.9374,0.388,60.513,4,0
42,60750119012,0.028312858,0.126999365,0.498003,0.269045655,0.94199529,0.080999595,171.313,0.0,0.0,7.8865,30.2742,3.823,0.10999945,10.6022,4.9374,0.58599707,52.1465,4,1
43,60750119021,0.032,0.158,0.564,0.384762,0.893,0.094,109.138,0.0,0.0017554,6.4,8.63,3.6429,0.078,10.3905,4.9374,0.681,59.4863,4,2
44,60750119022,0.032,0.158,0.564,0.384762,0.893,0.094,158.572,0.0,0.0,6.4,8.63,3.6429,0.078,24.3,4.9374,0.681,53.4798,4,1
45,60750120001,0.044345,0.12,0.54,0.471372,0.953,0.123,130.962,0.0,0.00103708,7.9,30.47,3.8247,0.079,9.62334,4.8097,0.676,58.153,4,1
46,60750120002,0.044344778,0.1199994,0.540002,0.471369643,0.952995235,0.122999385,116.033,0.0,0.00126996,7.9,30.47,3.8247,0.078999605,19.9275,4.8098,0.67599662,58.813,4,2
47,60750121001,0.009803951,0.108999455,0.490003,0.371854141,0.89799551,0.12199939,105.708,0.0,0.0,7.9177,30.4811,3.8531,0.108999455,6.56872,4.9374,0.598997005,56.1664,4,2
48,60750121002,0.009804032,0.108999977,0.490001,0.371855624,0.897999023,0.121999815,74.4042,0.0,0.000223484,10.9785,36.3624,8.3343,0.108999823,10.2936,4.9374,0.598999513,64.153,5,2
49,60750122011,0.056162904,0.123999881,0.696,0.46153766,0.816999892,0.111999953,94.2689,0.0,0.00320096,7.9,30.47,3.8247,0.218999235,16.9711,19.2682,0.593999851,69.1329,5,2
50,60750122012,0.056163667,0.1239993,0.696002,0.461540716,0.816996064,0.112002061,70.6417,0.0,0.0,7.9,30.47,3.8247,0.218999479,12.685,19.2683,0.593997867,63.7997,5,2
51,60750122021,0.068204095,0.090000208,0.675999,0.576811802,0.834001652,0.229000229,85.2266,0.0,0.00233038,7.9,30.47,3.8247,0.205000229,6.91293,17.743,0.540001184,66.8196,5,2
52,60750123011,0.059776911,0.330999431,0.692001,0.738546093,0.690999675,0.330999548,30.7125,0.0,0.0,15.5,63.75,12.9674,0.362999424,9.34374,11.9301,0.663999446,71.813,5,0
53,60750123012,0.059776354,0.330996192,0.692003,0.7385408,0.690995431,0.330997615,60.0299,0.0,0.0,15.4673,63.6068,12.9281,0.362996311,2.64971,19.2683,0.663995488,67.1797,5,2
54,60750123021,0.02700627,0.08300083,0.593996,0.508493085,0.94200942,0.18700187,80.9116,0.0,0.0,11.7026,47.1215,8.3992,0.13400134,10.9138,12.1252,0.6900069,64.8064,5,2
55,60750123022,0.027006,0.083,0.594,0.508488,0.942,0.187,58.844,0.0,0.000604806,15.4514,63.4915,12.9138,0.134,8.94188,8.5435,0.69,69.1463,5,2
56,60750124011,0.11706,0.096,0.781,0.755098,0.683,0.288,55.3915,0.0,0.00724379,12.9732,52.6854,9.9277,0.223,8.62999,19.2683,0.551,78.8128,5,2
57,60750124012,0.11706,0.096,0.781,0.755098,0.683,0.288,46.1449,0.0,0.00636154,12.9919,52.7672,9.9502,0.223,13.036,19.2683,0.551,80.8061,5,2
58,60750124021,0.070144007,0.12000001,0.591,0.447463038,0.949000055,0.145000008,31.2717,0.0,0.0,15.5,63.7499,12.9672,0.209000015,6.80903,19.2683,0.691000042,66.813,5,0
59,60750124022,0.070143473,0.119999075,0.591003,0.447459567,0.94899287,0.144998858,40.4319,0.0,0.00296698,15.5,63.75,12.9672,0.208998376,8.43486,19.2682,0.690994771,74.1395,5,0
60,60750124023,0.070143855,0.119999569,0.591002,0.44746209,0.948996456,0.144999781,63.1238,0.0,0.0,11.7082,47.146,8.4059,0.208999347,4.64157,19.2682,0.690997514,62.4997,5,2
61,60750125011,0.095332,0.222,0.726,0.794754,0.695,0.203,28.3296,0.0,0.0,15.5,63.7497,12.9672,0.425,2.09974,19.2683,0.732,67.853,5,0
62,60750125012,0.09533151,0.221999068,0.726001,0.79475029,0.69499739,0.202999258,7.13278,0.0,0.00410501,15.5,63.7499,12.9672,0.424997971,13.7255,14.6184,0.73199689,81.8061,5,0
63,60750125021,0.043981,0.25,0.868,0.725127,0.57,0.419,35.2041,0.0,0.00600325,15.4995,63.7475,12.9667,0.327,6.70196,19.2683,0.673,79.8128,5,0
64,60750125022,0.04398078,0.24999875,0.868001,0.725123374,0.56999715,0.418997905,32.5967,0.0,0.00193155,15.5,63.75,12.9674,0.326998365,2.1164,19.2683,0.672996635,73.1862,5,0
66,60750126021,0.147607887,0.096977138,0.181513,0.070676943,0.942617615,0.068853743,-7.59946,0.348189,0.0292888,0.0,5.159,0.0,0.063035123,5.07614,0.3354,0.528525314,56.559,4,0
68,60750127001,0.118055959,0.110913681,0.195389,0.112619229,0.936928796,0.018485614,-7.31167,0.329432,0.036074,0.0,5.1518,0.0,0.098265631,4.94624,0.3398,0.486463528,58.899,4,0
101,60750151001,0.007242971,0.353998584,0.403002,0.153065388,0.922996308,0.061999752,162.103,0.0,0.0,7.9,30.47,3.8247,0.192999228,4.1511,0.3448,0.68999724,53.2198,4,1
102,60750151002,0.007243075,0.354000335,0.402999,0.153066568,0.92300157,0.062000218,130.129,0.0,0.000956471,7.9,30.47,3.8247,0.193000282,4.90712,1.9599,0.690000966,59.1997,4,1
105,60750152003,0.096551962,0.20100036,0.34,0.22546443,0.971999998,0.081000344,126.648,0.0,0.00181702,12.1,23.1,5.4453,0.115000387,6.52742,3.0921,0.615999968,57.1863,4,1
113,60750155001,0.068511087,0.33700065,0.518998,0.38986224,0.859002372,0.224000016,124.54,0.0,0.0,9.9906,26.8014,4.6314,0.273000273,3.21285,3.7988,0.531001722,58.2131,4,1
114,60750155002,0.068510927,0.336999197,0.519,0.389861105,0.858998661,0.223999417,99.0,0.0,0.0663649,12.1,23.1,5.4453,0.272999288,2.21729,3.7988,0.530999001,70.8861,5,2
115,60750155003,0.068511235,0.337000286,0.518999,0.389862441,0.859002015,0.224000115,127.819,0.0,0.0103421,12.1,23.1,5.4453,0.273000149,5.49726,3.216,0.531000795,70.8595,5,1
125,60750158013,0.14266261,0.127999651,0.584001,0.361556073,0.929997755,0.085999762,101.694,0.0,0.00318079,12.0991,23.0986,5.445,0.120999688,6.68822,3.7988,0.291999414,56.8729,4,2
128,60750159001,0.098200266,0.227998383,0.609003,0.412791016,0.924993395,0.194998582,99.2734,0.0,0.000176121,9.9799,26.8223,4.6275,0.139999033,3.54251,3.7988,0.506996432,60.5397,4,2
129,60750159002,0.098201105,0.228000012,0.609,0.412794334,0.925000144,0.195000107,94.178,0.0,0.0481529,12.1,23.1,5.4453,0.140000135,1.36674,3.7988,0.506999934,69.2261,5,2
130,60750160001,0.038009015,0.23000002,0.502,0.273903129,0.964000187,0.103000051,57.8595,0.0,0.00079063,12.2317,49.4384,9.0357,0.158000046,4.27866,3.7988,0.586000121,66.5263,5,2
131,60750161001,0.121086637,0.26999919,0.747001,0.631202106,0.815997552,0.330999007,60.1828,0.0,0.0207141,15.4969,63.7362,12.9636,0.232999301,3.72671,3.7988,0.518998443,76.5394,5,2
132,60750161002,0.121087,0.27,0.747,0.631204,0.816,0.331,73.0,0.0,0.0285327,11.0276,35.0448,7.5797,0.233,2.13129,3.7988,0.519,74.2194,5,2
133,60750161003,0.121087,0.27,0.747,0.631204,0.816,0.331,76.5,0.0,0.0701956,12.109,23.2106,5.4658,0.233,3.38696,3.7988,0.519,74.5394,5,2
134,60750161004,0.121086975,0.269999332,0.747,0.631202639,0.81599973,0.330998953,90.2893,0.0,0.0426114,12.109,23.2084,5.4654,0.232999458,1.65563,3.7988,0.518998864,71.2261,5,2
135,60750162001,0.081797042,0.070000088,0.412,0.322965228,0.977000346,0.036000107,48.0136,0.0,0.0627237,15.5,63.75,12.9674,0.09100009,10.7829,3.7988,0.642000233,66.4927,5,2
136,60750162002,0.081797009,0.070000018,0.412,0.322965058,0.977000208,0.036000009,44.1598,0.0,0.0450285,15.5,63.75,12.9674,0.091000029,2.58398,3.7988,0.642000128,61.8727,5,2
137,60750162003,0.081796755,0.06999979,0.412002,0.322964031,0.976997069,0.035999892,53.8268,0.0,0.00975911,15.5,63.75,12.9674,0.090999727,8.61731,3.7988,0.641998074,63.1661,5,2
138,60750163001,0.079402,0.05,0.544,0.313966,0.927,0.022,65.1467,0.0,0.000972886,15.1342,61.7657,12.5929,0.114,6.197,3.7988,0.393,52.8663,4,2
158,60750168021,0.03857908,0.078999838,0.422001,0.252452814,0.90299874,0.03999992,39.8524,0.0,0.00641991,15.5075,63.7252,12.9325,0.124999678,5.81395,3.7988,0.556999354,66.8461,5,0
159,60750168022,0.038578953,0.078999752,0.422001,0.252452415,0.902997642,0.03999987,85.0675,0.0,0.0,13.696,53.9647,11.1205,0.124999654,11.3208,3.7988,0.556998303,56.8264,4,2
160,60750168023,0.038578884,0.078999763,0.422002,0.252452243,0.902997291,0.03999988,57.0685,0.0,0.0,15.5,63.75,12.9674,0.124999625,8.61424,3.4252,0.556998329,57.4997,4,2
172,60750176011,0.109834,0.141,0.733,0.550862,0.806,0.117,10.6969,0.0,0.00862461,16.0094,62.0594,10.5831,0.227,170.94,19.2683,0.609,81.7994,5,0
173,60750176012,0.10983389,0.140999859,0.733,0.550861449,0.805999194,0.116999883,9.34156,0.0,0.0,16.0078,62.0657,10.5915,0.226999773,7.33496,19.2683,0.608999391,71.1463,5,0
174,60750176013,0.109834004,0.141000009,0.733,0.550862032,0.806000028,0.117000008,13.3595,0.0,0.000784223,16.0081,62.0643,10.5897,0.227000017,10.0975,19.2683,0.609000029,74.4729,5,0
175,60750176014,0.109834104,0.141000177,0.732999,0.550862661,0.806001402,0.117000214,24.4763,0.0,0.00115384,16.0085,62.0633,10.5882,0.227000309,2.96861,19.2683,0.609001021,71.8462,5,0
176,60750176015,0.109834,0.141,0.733,0.550862,0.806,0.117,10.0642,0.0,0.00402495,16.0068,62.0689,10.5959,0.227,6.98324,19.2683,0.609,79.1461,5,0
177,60750177001,0.084039089,0.097000051,0.565,0.326481246,0.783000706,0.085000052,2.04311,0.0,0.0361009,15.677,58.0795,9.961,0.158000076,9.86611,13.468,0.45100034,78.1593,5,0
178,60750177002,0.084039012,0.09700002,0.565,0.326481075,0.783000158,0.085000024,3.85416,0.0,0.155139,15.6917,58.2542,9.9887,0.158000035,18.6841,10.2643,0.451000115,78.8193,5,0
179,60750178011,0.018917,0.554,0.741,0.577931,0.64,0.535,-0.392771,0.0,1.2271e-05,15.9297,61.6605,10.5043,0.452,3.84442,19.2683,0.678,73.1729,5,0
180,60750178012,0.018917,0.554,0.741,0.577931,0.64,0.535,-4.2587,0.0691119,0.00908376,9.9,14.55,4.6817,0.452,0.462321,19.2683,0.678,80.5259,5,0
181,60750178021,0.084215,0.088,0.584,0.327362,0.843,0.119,-5.96629,0.0645794,0.0241664,14.9856,54.0699,9.5802,0.229,7.04366,19.2683,0.427,82.4925,5,0
182,60750178022,0.084215,0.088,0.584,0.327362,0.843,0.119,7.91903,0.0,0.000990721,16.0125,62.05,10.5693,0.229,12.3267,19.2683,0.427,67.8129,5,0
183,60750179021,0.149115969,0.023300063,0.754453,0.637357967,0.794890522,0.021507761,-7.58461,0.380881,7.59e-05,97.3687,0.9466,0.2787,0.152346545,0.0,17.579,0.062730979,57.5926,4,0
184,60750180001,0.04230103,0.050000196,0.602,0.299615246,0.864000461,0.04800021,-5.3631,0.348208,0.0347239,9.9,14.5501,4.6817,0.134000159,3.03306,19.2683,0.571000317,80.179,5,0
185,60750180002,0.042301035,0.049999984,0.602,0.299614576,0.863999109,0.048000094,-5.63326,0.0825639,0.0500197,15.9986,61.9417,10.5559,0.133999778,2.26347,19.2683,0.570999012,77.8525,5,0
186,60750201001,0.079893002,0.124000003,0.651,0.50970601,0.724000036,0.232000002,7.83292,0.0,0.0205164,16.0115,62.0535,10.5741,0.238000005,10.2406,15.8921,0.522000022,83.486,5,0
187,60750201002,0.079893085,0.124000121,0.650999,0.509706339,0.724000928,0.232000082,13.9179,0.0,0.0137591,16.0125,62.05,10.5693,0.238000184,11.5778,3.2195,0.522000531,80.8327,5,0
188,60750201003,0.079893,0.124,0.651,0.509706,0.724,0.232,5.81684,0.0,0.028468,15.9985,61.8836,10.5438,0.238,9.68738,3.2195,0.522,81.506,5,0
189,60750201004,0.079892839,0.123999713,0.651,0.509704649,0.723998656,0.231999301,13.3651,0.0,0.00203913,14.5435,44.6513,7.9031,0.237999333,10.6317,3.2195,0.521998794,75.4995,5,0
190,60750202001,0.082186813,0.116999753,0.485001,0.328245565,0.897997788,0.079000066,33.3276,0.0,0.00058145,15.9328,61.7193,10.5806,0.1779997,6.08167,3.9499,0.513998891,62.1796,5,0
191,60750202002,0.082187,0.117,0.485,0.328246,0.898,0.079,28.0016,0.0,0.00859612,16.0125,62.05,10.5693,0.178,5.35373,2.1589,0.514,66.2061,5,0
192,60750202003,0.082187027,0.117000032,0.485,0.328246062,0.898000342,0.079000017,29.806,0.0,0.00143536,14.961,49.5961,8.6608,0.178000027,6.90845,2.1589,0.514000144,62.1929,5,0
193,60750203001,0.078237707,0.122999537,0.348003,0.208415248,0.94799643,0.033999884,56.4383,0.0,0.0206499,6.6741,9.7732,3.6492,0.104999624,8.90588,2.1589,0.438998371,57.8594,4,2
194,60750203002,0.078237765,0.122999631,0.348002,0.208415375,0.947997156,0.033999898,62.2476,0.0,0.00762417,6.0947,6.21,3.1649,0.104999685,10.9127,2.1589,0.438998683,53.8528,4,2
204,60750206001,0.074235047,0.110000058,0.273,0.17516811,0.972000586,0.027000027,39.8759,0.0,0.00878317,6.1729,6.5177,3.2004,0.14000005,14.3322,2.1589,0.495000252,53.8461,4,2
208,60750207001,0.077391006,0.077000042,0.308,0.16307417,0.98099993,0.053000027,28.67,0.0,0.00479834,13.9,37.03,6.7351,0.065000116,22.1745,2.1589,0.398000123,53.1928,4,0
211,60750208001,0.088483,0.102,0.695,0.42737,0.716,0.19,13.4626,0.0,0.0420492,13.9,37.03,6.7351,0.111,4.68823,3.2195,0.402,74.546,5,0
212,60750208002,0.088483,0.102,0.695,0.42737,0.716,0.19,15.3961,0.0,0.00580859,13.9,37.03,6.7351,0.111,4.76425,3.2195,0.402,71.2061,5,0
213,60750208003,0.088482823,0.101999796,0.695001,0.427369145,0.715998568,0.18999962,28.7876,0.0,0.00723333,13.9,37.03,6.7351,0.110999778,9.47258,3.2195,0.401999196,73.1861,5,0
214,60750208004,0.088483,0.102,0.695,0.42737,0.716,0.19,35.7277,0.0,0.00184849,13.9,37.03,6.7351,0.111,5.20569,3.2195,0.402,67.2062,5,0
215,60750209001,0.139741721,0.093999812,0.661001,0.464474071,0.803998392,0.180999638,49.5745,0.0,0.0,13.9,37.03,6.7351,0.11999976,9.91854,3.2195,0.287999424,59.533,4,2
216,60750209002,0.139742,0.094,0.661,0.464475,0.804,0.181,35.3238,0.0,0.00251554,13.9,37.03,6.7351,0.12,6.46552,3.2195,0.288,63.5462,5,0
217,60750209003,0.139742,0.094,0.661,0.464475,0.804,0.181,53.5594,0.0,0.0,13.9,37.03,6.7351,0.12,7.1736,3.2195,0.288,57.5397,4,2
218,60750209004,0.139741818,0.093999962,0.660999,0.464473901,0.804000158,0.180999555,59.004,0.0,0.000293284,13.9,37.03,6.7351,0.119999833,11.9367,3.2195,0.288000261,60.193,4,2
219,60750210001,0.089447039,0.09200003,0.313,0.111160038,0.971000256,0.037000003,69.3542,0.0,0.0189519,13.9,37.03,6.7351,0.073000024,13.5659,2.1589,0.425000084,56.1861,4,2
222,60750210004,0.089446821,0.091999816,0.313001,0.111159778,0.970998058,0.036999926,63.8334,0.0,0.00734334,13.8938,37.0136,6.7322,0.072999854,5.43901,2.1589,0.42499915,51.5528,4,2
235,60750215001,0.148567,0.11,0.368,0.120491,0.941,0.046,65.9838,0.0,0.0153918,9.8372,26.3327,4.8467,0.074,7.33753,2.2659,0.493,54.1861,4,2
249,60750226001,0.086594128,0.04039623,0.460422,0.069068897,0.951235035,0.020198115,-7.8,0.126973,0.00341955,8.2462,12.1195,3.8996,0.02308356,2.95858,17.2145,0.30393354,57.8858,4,0
250,60750226002,0.09003074,0.041999412,0.439008,0.071809995,0.988986154,0.020999706,-5.62955,0.00389568,0.0056209,9.9683,14.6734,4.7404,0.023999664,1.36892,17.613,0.315995576,52.2326,4,0
255,60750228011,0.157016069,0.06900008,0.549,0.293845334,0.84100056,0.074000149,5.65703,0.0,0.0781005,13.9,37.03,6.7351,0.059000087,2.95921,6.5987,0.288000315,58.886,4,0
256,60750228012,0.157015843,0.068999931,0.549,0.293844706,0.840999159,0.073999926,12.7995,0.0,0.0041732,13.9,37.03,6.7351,0.058999941,5.00402,5.9226,0.287999712,56.8661,4,0
257,60750228013,0.157016,0.069,0.549,0.293845,0.841,0.074,10.831,0.0,0.0059246,13.9,37.03,6.7351,0.059,6.65421,3.2195,0.288,55.5461,4,0
258,60750228021,0.133694337,0.1700017,0.663997,0.454451544,0.81600816,0.09600096,33.853,0.0,0.00722504,13.8747,36.8883,6.7222,0.15100151,7.8696,17.613,0.20800208,70.2061,5,0
259,60750228022,0.133693135,0.17000013,0.663999,0.454447213,0.816001079,0.09600004,37.951,0.0,0.00346149,13.8871,36.958,6.7285,0.151000097,2.15471,14.0072,0.208000386,63.5795,5,0
260,60750228031,0.151458428,0.067999785,0.704001,0.342662902,0.78899712,0.182999325,29.67,0.0,0.0,13.9,37.03,6.7351,0.089999709,5.45256,3.2195,0.237999192,52.233,4,0
261,60750228032,0.151459,0.068,0.704,0.342664,0.789,0.183,21.83,0.0,0.00825946,13.9,37.03,6.7351,0.09,5.12821,3.2195,0.238,62.8994,5,0
262,60750228033,0.151458636,0.067999924,0.704,0.342663187,0.788998467,0.182999387,29.3621,0.0,0.0052607,13.9,37.03,6.7351,0.089999824,5.97371,3.2195,0.237999494,60.8928,4,0
263,60750229011,0.203623065,0.071000044,0.752,0.422373216,0.706000373,0.203000084,36.5588,0.0,0.0,13.9,37.03,6.7351,0.115000056,9.83227,3.2195,0.242000134,56.213,4,0
264,60750229012,0.203622593,0.070999858,0.752001,0.422372155,0.705998588,0.202999594,26.8071,0.0,0.011389,13.9,37.03,6.7351,0.11499977,4.79754,3.2195,0.241999516,64.8994,5,0
265,60750229013,0.203623,0.071,0.752,0.422373,0.706,0.203,29.0997,0.0,0.00938619,13.9,37.03,6.7351,0.115,3.20233,3.2195,0.242,62.9194,5,0
266,60750229021,0.092276,0.094,0.675,0.25935,0.808,0.064,36.008,0.0,0.00150597,13.9,37.03,6.7351,0.101,9.61539,3.2195,0.169,56.5529,4,0
267,60750229022,0.092276,0.094,0.675,0.25935,0.808,0.064,24.1614,0.0,0.00763633,13.9,37.03,6.7351,0.101,6.97674,3.2195,0.169,62.5594,5,0
269,60750229032,0.146915855,0.109999892,0.681,0.317454686,0.898999117,0.063999936,-6.29274,0.0,0.0154046,13.8884,36.9636,6.7292,0.097999903,5.76576,17.5685,0.270999733,65.866,5,0
270,60750229033,0.146915425,0.109999571,0.681001,0.317453752,0.898996499,0.063999747,-1.36219,0.0,0.0109497,13.9,37.03,6.7351,0.097999617,6.96622,3.2195,0.270998938,64.546,5,0
271,60750230011,0.158266108,0.179000039,0.946,0.496577361,0.619000855,0.235000154,5.01168,0.0,0.0310967,23.1528,38.4944,16.0818,0.107000111,4.86381,17.5492,0.167000361,77.2193,5,0
272,60750230012,0.158265903,0.178999798,0.946,0.496576287,0.618999761,0.234999691,47.8371,0.0,0.0,23.2,38.58,16.1156,0.106999875,1.86666,17.613,0.166999869,59.253,4,2
273,60750230013,0.158266239,0.179000167,0.946,0.496577401,0.619000835,0.235000194,40.2072,0.0,0.00854089,23.1964,38.5735,16.113,0.107000083,1.41243,17.613,0.167000148,68.5861,5,0
274,60750230031,0.174380126,0.123999428,0.908001,0.222734178,0.793995879,0.127999472,45.2265,0.0,0.00261742,23.2,38.58,16.1156,0.070999682,1.74034,17.613,0.160999224,55.2595,4,2
275,60750230032,0.174380986,0.123999962,0.908,0.222735011,0.793999778,0.128000097,16.4502,0.0,0.0034909,23.2,38.58,16.1156,0.070999991,7.07483,17.613,0.160999958,61.2128,4,0
277,60750231022,0.351129,0.084,0.944,0.601437,0.835,0.042,55.1029,0.0,0.00271045,23.2,38.58,16.1156,0.11,6.82516,17.613,0.238,52.8662,4,2
278,60750231031,0.452209426,0.034994234,0.926012,0.84001152,0.740878013,0.084986004,-6.0,0.266661,0.00125631,23.1977,38.5762,16.114,0.125979249,1.02171,17.613,0.290952088,63.8992,5,0
279,60750231032,0.452256053,0.03499793,0.926005,0.840098285,0.740954631,0.084994756,-6.0,0.0362374,0.0026704,23.1997,38.5795,16.1154,0.125992267,2.1395,17.613,0.290982149,60.5593,4,0
280,60750232001,0.255152048,0.101000034,0.943,0.427645061,0.710000217,0.092000035,0.165285,0.0,0.00606483,23.2,38.58,16.1156,0.108000019,6.88428,17.613,0.266000044,68.1927,5,0
281,60750232002,0.255127661,0.100990574,0.943005,0.427604838,0.709933071,0.091991233,-6.0,0.102409,0.0151036,23.1903,38.5638,16.1088,0.107989804,6.2182,17.613,0.265974876,80.8657,5,0
282,60750232003,0.255152019,0.101000013,0.943,0.427645024,0.710000085,0.092000014,28.884,0.0,0.000801244,23.2,38.58,16.1156,0.108000008,10.0942,17.613,0.266000017,59.5196,4,0
283,60750233001,0.187704055,0.107000021,0.925,0.265337108,0.706000135,0.310000026,6.85869,0.0,0.0205596,23.1784,38.5407,16.1001,0.071000026,3.35345,17.613,0.127000039,68.906,5,0
284,60750234001,0.300350376,0.115999764,0.964,0.629357302,0.694998904,0.155999604,-0.903518,0.0177518,0.0102606,23.2,38.58,16.1156,0.14899963,8.51257,17.613,0.168999886,78.1992,5,0
285,60750234002,0.300343903,0.11599726,0.964001,0.629343956,0.694983701,0.155996313,-5.60678,0.0802676,0.010397,23.1982,38.577,16.1143,0.148996456,5.39127,17.613,0.168996027,76.2192,5,0
286,60750251001,0.131897,0.113,0.48,0.217519,0.957,0.027,20.0034,0.0,0.00512827,13.9,37.03,6.7351,0.086,6.12662,3.2195,0.225,54.2261,4,0
288,60750251003,0.131897,0.113,0.48,0.217519,0.957,0.027,-9.22917,0.0,0.0263384,15.8421,37.3265,8.6989,0.086,4.45037,3.5196,0.225,59.2393,4,0
289,60750252001,0.189858812,0.099998897,0.508998,0.275781267,0.94699851,0.013007689,26.6049,0.0,0.0400852,13.9,37.03,6.7351,0.060999706,5.73477,3.2195,0.256000383,52.8927,4,0
296,60750253004,0.16209784,0.085999931,0.492,0.204372809,0.922998966,0.105999724,52.9378,0.0,0.0242866,13.9,37.03,6.7351,0.056999948,10.0376,3.0326,0.258999821,54.8794,4,2
302,60750254023,0.186244541,0.098999788,0.625001,0.176810634,0.900998021,0.064999825,7.4639,0.0,0.079745,13.8966,37.0045,6.7361,0.047999921,6.19835,3.2195,0.178999633,55.566,4,0
303,60750254031,0.166504,0.126,0.793,0.36649,0.82,0.177,83.3562,0.0,0.00182579,9.3241,18.784,4.9266,0.123,6.30372,2.9416,0.196,55.2396,4,2
304,60750254032,0.1665058,0.126001332,0.792998,0.366493793,0.820008853,0.177001817,9.30935,0.0,0.0907231,13.8619,36.8079,6.7337,0.123001265,2.98198,3.2195,0.19600209,65.926,5,0
311,60750256001,0.15865901,0.163000008,0.824,0.269631014,0.772000035,0.216000009,70.5451,0.0,0.0713831,8.6647,14.7205,4.9416,0.095000004,2.51099,1.158,0.19400001,59.2794,4,2
314,60750256004,0.158658841,0.162999837,0.824,0.26963073,0.771999228,0.215999784,106.956,0.0,0.00260651,9.2751,15.1867,5.5653,0.094999905,4.14639,0.9145,0.193999806,54.9329,4,2
315,60750257011,0.185496099,0.154000081,0.79,0.261538209,0.660000488,0.162000112,24.6128,0.0,0.0155898,11.1151,16.8817,7.3889,0.082000071,2.13163,3.2195,0.187000118,61.9327,5,0
316,60750257012,0.185496028,0.154000018,0.79,0.261538042,0.660000138,0.162000019,5.05103,0.0,0.0842673,11.214,16.8461,7.5104,0.082000013,1.2747,3.2195,0.18700003,63.9393,5,0
317,60750257013,0.185496119,0.154000057,0.79,0.261538336,0.660000173,0.162000101,70.7547,0.0,0.0011977,11.2,16.81,7.5022,0.082000011,0.467836,3.2195,0.186999935,51.9396,4,2
318,60750257021,0.216905151,0.150000086,0.906,0.424902214,0.593000569,0.18700025,39.0465,0.0,0.0456571,11.2378,16.8785,7.5294,0.066000057,5.1716,6.1946,0.087000102,67.8927,5,0
319,60750257022,0.216905027,0.150000031,0.906,0.424902085,0.593000106,0.18700004,17.5707,0.0,0.00441322,11.2646,16.9272,7.5486,0.066000018,3.89963,6.6462,0.087000028,63.9061,5,0
320,60750257023,0.216905085,0.150000098,0.906,0.424902104,0.593000483,0.187000091,67.1251,0.0,0.0266926,11.2,16.81,7.5022,0.066000061,0.237586,3.2195,0.087000165,61.2794,5,2
321,60750258001,0.21514457,0.13999972,0.892,0.426195148,0.702998594,0.185999628,45.8064,0.0,0.00715435,11.2,16.81,7.5022,0.111999776,2.82486,3.2195,0.211999576,61.9261,5,2
322,60750258002,0.215145056,0.14000005,0.892,0.426196054,0.703000248,0.18600005,54.9599,0.0,0.0106334,11.2362,16.8757,7.5282,0.11200003,4.25713,14.2216,0.212000065,65.8861,5,2
323,60750259001,0.143644685,0.164999587,0.793001,0.175232005,0.813997599,0.152999733,94.2554,0.0,0.0132547,11.2,16.81,7.5022,0.101999752,2.82768,3.2195,0.27799912,60.5728,4,2
324,60750259002,0.143645,0.165,0.793,0.175232,0.814,0.153,79.9126,0.0,0.00651091,11.2,16.81,7.5022,0.102,4.62963,3.2195,0.278,60.5595,4,2
327,60750260012,0.197504,0.127,0.897,0.350037,0.717,0.195,160.195,0.0,0.0136425,8.2,14.28,4.4834,0.087,4.94252,0.5207,0.185,54.2662,4,1
330,60750260031,0.179714,0.095,0.906,0.431427,0.724,0.294,246.17,0.0,0.00541936,8.2112,14.2895,4.4947,0.085,5.40158,0.5207,0.161,51.273,4,1
331,60750260032,0.17971406,0.095000046,0.906,0.431427122,0.72400026,0.294000089,242.593,0.0,0.0099091,8.2118,14.29,4.4953,0.085000033,3.65746,0.5207,0.161000054,52.2796,4,1
332,60750260041,0.169815,0.131,0.91,0.371619,0.731,0.273,159.059,0.0,0.00282965,8.2,14.28,4.4834,0.095,5.40905,0.5207,0.154,52.6063,4,1
334,60750261001,0.173549,0.171,0.892,0.277262,0.756,0.285,127.25,0.0,0.0413164,8.2,14.28,4.4834,0.106,3.64742,0.5207,0.212,59.6128,4,1
335,60750261002,0.173549027,0.171000028,0.892,0.277262074,0.756000127,0.285000061,147.271,0.0,0.00181786,8.2,14.28,4.4834,0.10600002,3.41426,0.5207,0.212000028,52.273,4,1
336,60750261003,0.173549,0.171,0.892,0.277262,0.756,0.285,151.347,0.0,0.00443483,8.2,14.28,4.4834,0.106,1.89702,0.5207,0.212,52.9596,4,1
337,60750261004,0.173549019,0.171000013,0.892,0.277262025,0.756000089,0.285000014,129.533,0.0,0.00997506,8.2,14.28,4.4834,0.106000007,1.50376,0.5207,0.212000021,56.9595,4,1
343,60750263011,0.146932594,0.149999574,0.857,0.402403835,0.691998071,0.329999037,177.48,0.0,0.00631395,8.2042,14.2836,4.4876,0.108999691,4.26986,0.5207,0.151999574,55.2796,4,1
344,60750263012,0.146933,0.15,0.857,0.402405,0.692,0.33,191.119,0.0,0.00182378,8.2,14.28,4.4834,0.109,6.68687,0.5207,0.152,53.2597,4,1
351,60750264011,0.174382105,0.165000074,0.96,0.435034323,0.650000333,0.314000125,46.0526,0.0,0.00841007,11.2,16.81,7.5022,0.109000078,1.91402,17.613,0.167000117,67.2461,5,2
352,60750264012,0.174381826,0.164999835,0.96,0.435033565,0.64999935,0.313999686,46.0846,0.0,0.003005,11.2,16.81,7.5022,0.108999891,2.84252,17.613,0.166999833,65.2395,5,2
354,60750264022,0.185283,0.165,0.91,0.178459,0.823,0.167,51.4698,0.0,0.00584931,11.2506,16.9016,7.5385,0.101,8.88611,17.613,0.216,62.8595,5,2
355,60750264023,0.185283,0.165,0.91,0.178459,0.823,0.167,113.151,0.0,0.00725477,11.2,16.81,7.5022,0.101,3.79987,17.613,0.216,58.2262,4,2
356,60750264031,0.157428011,0.179373306,0.959812,0.509226113,0.662603032,0.33816279,5.71889,0.0,0.0121491,11.0508,16.586,7.4023,0.092137108,2.36407,17.613,0.195056218,68.9127,5,0
357,60750264032,0.160611312,0.183000183,0.959,0.519522215,0.676001187,0.345000209,19.16,0.0,0.00892812,11.2,16.81,7.5022,0.09400012,2.50627,17.613,0.199000281,68.2394,5,0
358,60750264041,0.213370194,0.114403175,0.981262,0.428590665,0.686419694,0.210067933,54.5295,0.0,0.0109524,11.2,16.81,7.5022,0.09566484,3.96826,17.613,0.148921519,62.9061,5,2
359,60750264042,0.211150888,0.113213448,0.981456,0.424132711,0.679280688,0.207883314,29.5647,0.0,0.0136077,10.9437,16.4253,7.3306,0.094669866,1.56863,17.613,0.147372678,63.2594,5,0
415,60750312012,0.130178098,0.151000089,0.847,0.331840077,0.816000481,0.200000055,251.963,0.0,0.00409668,8.2,14.28,4.4834,0.128000049,8.35884,0.2606,0.154000089,53.593,4,1
416,60750312013,0.130177837,0.150999786,0.847,0.331839412,0.815998842,0.199999654,234.49,0.0,0.0130371,8.2,14.28,4.4834,0.127999793,2.27273,0.2606,0.15399978,51.6396,4,1
419,60750312022,0.131791015,0.166000014,0.876,0.245774018,0.792000102,0.191000007,203.754,0.0,0.00664795,8.2,14.28,4.4834,0.100000008,4.74563,0.4879,0.184000027,51.9396,4,1
427,60750314002,0.112635089,0.141000095,0.898,0.421786151,0.707000421,0.232000108,246.478,0.0,0.00709732,8.2,14.28,4.4834,0.112000049,7.20612,0.5207,0.227000036,57.2463,4,1
428,60750314003,0.112635,0.141,0.898,0.421786,0.707,0.232,253.362,0.0,0.00199339,8.2,14.2799,4.4833,0.112,8.50881,0.5207,0.227,53.9064,4,1
429,60750314004,0.112635,0.141,0.898,0.421786,0.707,0.232,270.148,0.0,0.00621148,8.2,14.28,4.4833,0.112,5.13179,0.5207,0.227,54.593,4,1
467,60750332011,0.021070001,0.049000003,0.542,0.678177008,0.925000015,0.172000003,26.0138,0.0,0.0148146,8.0,13.81,3.9498,0.091000002,0.190422,0.2606,0.334000006,59.6127,4,0
481,60750352012,0.154991929,0.126877973,0.673314,0.218689674,0.851181347,0.111892392,-5.0342,0.1198,0.0194161,4.8692,8.9413,2.7249,0.081921215,2.72387,1.8744,0.245763633,64.599,5,0
482,60750352013,0.155141,0.127,0.673,0.2189,0.852,0.112,9.94978,0.0,0.0304127,4.3,8.28,2.8093,0.082,6.33714,1.8761,0.246,51.906,4,0
493,60750353006,0.133925058,0.187000014,0.754999,0.214404142,0.763000388,0.184000051,54.5673,0.0,0.00275308,6.4,10.72,2.498,0.095000075,5.32038,1.8761,0.22700015,52.5862,4,2
494,60750354001,0.133026982,0.138966573,0.640087,0.246457738,0.796808285,0.162960771,-5.0,0.0942422,0.0139764,6.4259,10.77,2.5215,0.117971637,2.75027,1.8757,0.260937329,63.5992,5,0
495,60750354002,0.133059122,0.1390001,0.64,0.246517172,0.79700067,0.163000088,23.0906,0.0,0.00428864,6.4,10.72,2.498,0.118000064,2.55339,1.8761,0.261000193,53.2661,4,0
496,60750354003,0.133059,0.139,0.64,0.246517,0.797,0.163,9.41693,0.0,0.0166417,6.4,10.72,2.498,0.118,2.80347,1.8761,0.261,56.9327,4,0
498,60750354005,0.133059,0.139,0.64,0.246517,0.797,0.163,10.6801,0.0,0.0211538,6.4379,10.7931,2.5324,0.118,2.40892,1.8472,0.261,58.606,4,0
501,60750401003,0.108745906,0.13899988,0.400001,0.264265792,0.909999219,0.15899985,163.201,0.0,0.0185304,3.2,6.69,1.9236,0.115999895,19.847,4.6154,0.383999671,52.8462,4,1
507,60750426011,0.176113029,0.144000037,0.595,0.384578046,0.820000179,0.22800004,118.087,0.0,0.00806448,4.3,12.69,2.7109,0.078000019,3.60705,4.6154,0.448000067,53.2062,4,1
512,60750427001,0.141527096,0.163999885,0.62,0.354268029,0.802999871,0.265999793,123.069,0.0,0.00202981,4.3,12.69,2.7109,0.131999765,3.45622,3.9085,0.417000016,54.5463,4,1
513,60750427002,0.141527121,0.164000183,0.62,0.35426826,0.803000876,0.266000245,123.346,0.0,0.00318644,4.3,12.69,2.7109,0.132000094,4.62449,4.6154,0.417000407,56.5396,4,1
514,60750427003,0.141527,0.164,0.62,0.354268,0.803,0.266,133.613,0.0,0.00555894,4.3,12.69,2.7109,0.132,2.06923,4.6154,0.417,55.8929,4,1
520,60750451003,0.102118017,0.135000021,0.551,0.386899041,0.89200014,0.063000024,164.518,0.0,0.0200177,3.2,6.69,1.9236,0.077000018,11.0497,4.6154,0.379000059,52.1795,4,1
530,60750477011,0.117529882,0.177999822,0.634,0.252738747,0.84999915,0.237999762,129.209,0.0,0.00762872,4.3,12.69,2.7109,0.090999909,5.04055,4.6154,0.394999605,56.8662,4,1
531,60750477012,0.11753,0.178,0.634,0.252739,0.85,0.238,128.83,0.0,0.0124882,4.3,12.69,2.7109,0.091,6.18101,4.6154,0.395,58.8595,4,1
532,60750477013,0.117529882,0.177999822,0.634,0.252738747,0.84999915,0.237999762,135.524,0.0,0.0024554,4.3,12.69,2.7109,0.090999909,5.57668,4.6154,0.394999605,52.8663,4,1
536,60750478011,0.103535,0.212,0.684,0.229067,0.895,0.215,109.527,0.0,0.0153392,4.3,12.69,2.7109,0.14,1.78731,4.6154,0.297,57.9128,4,2
543,60750479012,0.145159947,0.176667725,0.576196,0.253169125,0.897232263,0.080393734,-5.2389,0.0969352,0.00457584,4.3,12.6683,2.7114,0.115131392,6.01374,4.5809,0.315619518,68.5391,5,0
551,60750604001,0.103426719,0.149885299,0.572953,0.309375813,0.753613237,0.112204637,-7.0,0.150102,0.00163051,7.9937,13.7991,3.9467,0.155746731,2.12684,0.2602,0.478125716,68.2592,5,0
552,60750605021,0.304962068,0.068000064,0.96,0.657886169,0.708000252,0.141000122,79.7825,0.0,0.0117341,11.2,16.81,7.5022,0.111000042,0.909505,17.613,0.156000065,55.5928,4,2
553,60750605022,0.30496139,0.067999864,0.96,0.657884684,0.707998584,0.140999718,73.0882,0.0,0.0068221,11.2,16.81,7.5022,0.110999778,0.736649,17.613,0.155999688,55.5928,4,2
555,60750607001,0.084950475,0.060241104,0.637597,0.21340172,0.917003472,0.131956704,-9.19874,0.392933,0.0217367,2.6926,4.0262,1.2786,0.046854192,0.363328,19.0468,0.352840752,64.219,5,0
556,60750607002,0.088841004,0.063000005,0.621,0.223175027,0.959000079,0.138000004,-1.99789,0.0933219,0.0628603,13.1735,40.1618,7.8483,0.049000012,9.80391,17.613,0.369000052,73.1725,5,0
557,60750607003,0.088841,0.063,0.621,0.223175,0.959,0.138,0.121053,0.0871945,0.0,9.9,14.55,4.6817,0.049,0.387596,19.2683,0.369,52.5528,4,0
558,60750610001,0.254396744,0.098409634,0.887674,0.129086745,0.859841504,0.131212779,-6.0,0.116232,0.003804,20.9956,34.5823,14.5336,0.070576605,3.28484,17.5348,0.18389679,65.8991,5,0
559,60750610002,0.252229583,0.097571304,0.888631,0.127987052,0.852516587,0.130095113,2.64275,0.0,0.0094365,11.1713,16.7682,7.4832,0.069975365,1.59405,17.6129,0.182330159,52.586,4,0
560,60750611001,0.13591796,0.287999942,0.958,0.800356632,0.363000522,0.714999511,0.328464,0.0,0.000993458,1.1723,28.5067,0.9263,0.160999957,8.65801,4.9374,0.443000094,66.1662,5,0
561,60750611002,0.135918,0.288,0.958,0.800357,0.363,0.715,14.0666,0.0,0.0,6.3907,9.9926,3.7973,0.161,12.0092,4.9374,0.443,63.8263,5,0
562,60750611003,0.135919359,0.28800288,0.958,0.800365004,0.36300363,0.71500715,21.2992,0.0,0.00953898,6.4,20.214,5.0322,0.16100161,5.37634,4.9374,0.44300443,75.8527,5,0
563,60750612001,0.207265009,0.105,0.917,0.503776043,0.636000119,0.220000018,0.851755,0.000183621,0.00701462,23.2,38.58,16.1156,0.090000016,8.45712,17.613,0.264000057,80.1859,5,0
564,60750612002,0.207265099,0.105000008,0.917,0.503776419,0.63600113,0.22000017,7.47451,0.0,0.0063782,23.2,38.58,16.1156,0.090000153,9.48185,17.613,0.264000539,73.5194,5,0
568,60750615001,0.092750741,0.056956869,0.490386,0.171817895,0.964269627,0.080938707,-6.34025,0.159217,0.00156751,3.4437,30.822,2.2718,0.080938711,9.61098,19.2139,0.473641278,61.8192,5,0
570,60750615003,0.091971595,0.056478393,0.494667,0.170374504,0.956169285,0.080258769,-16.99,0.227608,0.0014319,0.0,21.81,0.0,0.080258769,1.70068,19.0926,0.469662426,56.5392,4,0
573,60750615006,0.090223346,0.055404823,0.504273,0.167135951,0.937993888,0.078733188,-6.32806,0.181343,0.0020022,5.3243,17.9054,2.5178,0.078733153,0.652315,18.7256,0.460734781,58.8725,4,0
574,60759802001,0.069996476,0.393995122,0.282829,0.104995213,0.947583208,0.175552257,-5.2,0.00887451,0.000448397,4.3,12.69,2.7109,1.05e-09,0.0,4.5683,0.469801779,58.2261,4,0
575,60759805011,0.12705903,0.222000029,0.9,0.643529051,0.637000137,0.352000033,94.9613,0.0,0.00138564,11.0656,16.6967,7.367,0.200000018,0.855798,11.2762,0.307000032,62.5663,5,2
576,60759806001,0.11613137,0.140675847,0.932087,0.450007536,0.715021428,0.034926448,-42.0,0.351565,0.000888618,23.018,38.2773,15.9891,0.092166952,1.39179,17.3221,0.266799029,73.9059,5,0
577,60759809001,0.072957122,8.04e-10,0.599175,0.356678376,0.996079927,0.150558628,-6.0,0.182261,0.035771,22.0584,36.52,15.1339,0.133608319,14.1093,17.5025,0.480591116,84.819,5,0
